Year,Statistic,Name,Team,#
2005,Complete Games,Chris Carpenter,St. Louis,7.0
2005,Dontrelle Willis,Florida,,
2005,ERA,Roger Clemens,Houston,1.87
2005,Games,Scott Eyre,San Francisco,86.0
2005,Saves,Chad Cordero,Washington,47.0
2005,Shutouts,Dontrelle Willis,Florida,5.0
2005,Strikeouts,Jake Peavy,San Diego,216.0
2005,Winning Percentage,Chris Carpenter,St. Louis,808.0
2005,Wins,Dontrelle Willis,Florida,22.0
1905,Complete Games,Irv Young,Boston,41.0
1905,ERA,Christy Mathewson,New York,1.28
1905,Games,Joe McGinnity,New York,46.0
1905,Togie Pittinger,Philadelphia,,
1905,Saves,Claud Elliott,New York,6.0
1905,Shutouts,Christy Mathewson,New York,8.0
1905,Strikeouts,Christy Mathewson,New York,206.0
1905,Winning Percentage,Sam Leever,Pittsburgh,800.0
1905,Wins,Christy Mathewson,New York,31.0
1988,Complete Games,Orel Hershiser,Los Angeles,15.0
1988,Danny Jackson,Cincinnati,,
1988,ERA,Joe Magrane,St. Louis,2.18
1988,Games,Rob Murphy,Cincinnati,76.0
1988,Saves,John Franco,Cincinnati,39.0
1988,Shutouts,Orel Hershiser,Los Angeles,8.0
1988,Strikeouts,Nolan Ryan,Houston,228.0
1988,Winning Percentage,David Cone,New York,870.0
1988,Wins,Orel Hershiser,Los Angeles,23.0
1988,Danny Jackson,Cincinnati,,
1975,Complete Games,Andy Messersmith,Los Angeles,19.0
1975,ERA,Randy Jones,San Diego,2.24
1975,Games,Gene Garber,Philadelphia,71.0
1975,Saves,Rawly Eastwick,Cincinnati,22.0
1975,Al Hrabosky,St. Louis,,
1975,Shutouts,Andy Messersmith,Los Angeles,7.0
1975,Strikeouts,Tom Seaver,New York,243.0
1975,Winning Percentage,Don Gullett,Cincinnati,789.0
1975,Wins,Tom Seaver,New York,22.0
1969,Complete Games,Bob Gibson,St. Louis,28.0
1969,ERA,Juan Marichal,San Francisco,2.1
1969,Games,Wayne Granger,Cincinnati,90.0
1969,Saves,Fred Gladding,Houston,29.0
1969,Shutouts,Juan Marichal,San Francisco,8.0
1969,Strikeouts,Fergie Jenkins,Chicago,273.0
1969,Winning Percentage,Tom Seaver,New York,781.0
1969,Wins,Tom Seaver,New York,25.0
1994,Complete Games,Greg Maddux,Atlanta,10.0
1994,ERA,Greg Maddux,Atlanta,1.56
1994,Games,Steve Reed,Colorado,61.0
1994,Saves,John Franco,New York,30.0
1994,Shutouts,Greg Maddux,Atlanta,3.0
1994,Ramon Martinez,Los Angeles,,
1994,Strikeouts,Andy Benes,San Diego,189.0
1994,Winning Percentage,Bret Saberhagen,New York,778.0
1994,Wins,Ken Hill,Montreal,16.0
1994,Greg Maddux,Atlanta,,
1919,Complete Games,Wilbur Cooper,Pittsburgh,27.0
1919,ERA,Grover Alexander,Chicago,1.72
1919,Games,Oscar Tuero,St. Louis,45.0
1919,Saves,Oscar Tuero,St. Louis,4.0
1919,Shutouts,Grover Alexander,Chicago,9.0
1919,Strikeouts,Hippo Vaughn,Chicago,141.0
1919,Winning Percentage,Dutch Ruether,Cincinnati,760.0
1919,Wins,Jesse Barnes,New York,25.0
1886,Complete Games,Tim Keefe,New York,62.0
1886,ERA,Henry Boyle,St. Louis,1.76
1886,Games,Tim Keefe,New York,64.0
1886,Saves,Charlie Ferguson,Philadelphia,2.0
1886,Shutouts,Lady Baldwin,Detroit,7.0
1886,Strikeouts,Lady Baldwin,Detroit,323.0
1886,Winning Percentage,Jocko Flynn,Chicago,793.0
1886,Wins,Lady Baldwin,Detroit,42.0
1886,Tim Keefe,New York,,
1947,Complete Games,Ewell Blackwell,Cincinnati,23.0
1947,ERA,Warren Spahn,Boston,2.33
1947,Games,Ken Trinkle,New York,62.0
1947,Saves,Hugh Casey,Brooklyn,18.0
1947,Shutouts,Warren Spahn,Boston,7.0
1947,Strikeouts,Ewell Blackwell,Cincinnati,193.0
1947,Winning Percentage,Larry Jansen,New York,808.0
1947,Wins,Ewell Blackwell,Cincinnati,22.0
2019,Complete Games,Sandy Alcantara,Miami Marlins,2.0
2019,Walker Buehler,Los Angeles Dodgers,2,
2019,Zach Eflin,Philadelphia Phillies,2,
2019,ERA,Hyun-Jin Ryu,Los Angeles Dodgers,2.32
2019,Games,Alex Claudio,Milwaukee Brewers,83.0
2019,Saves,Kirby Yates,San Diego Padres,41.0
2019,Shutouts,Sandy Alcantara,Miami Marlins,2.0
2019,Strikeouts,Jacob deGrom,New York Mets,255.0
2019,Winning Percentage,Walker Buehler,Los Angeles Dodgers,778.0
2019,Wins,Stephen Strasburg,Washington Nationals,18.0
1937,Complete Games,Jim Turner,Boston,24.0
1937,ERA,Jim Turner,Boston,2.38
1937,Games,Hugh Mulcahy,Philadelphia,56.0
1937,Saves,Mace Brown,Pittsburgh,7.0
1937,Cliff Melton,New York,,
1937,Shutouts,Lou Fette,Boston,5.0
1937,Lee Grissom,Cincinnati,,
1937,Jim Turner,Boston,,
1937,Strikeouts,Carl Hubbell,New York,159.0
1937,Winning Percentage,Carl Hubbell,New York,733.0
1937,Wins,Carl Hubbell,New York,22.0
1952,Complete Games,Robin Roberts,Philadelphia,30.0
1952,ERA,Hoyt Wilhelm,New York,2.43
1952,Games,Hoyt Wilhelm,New York,71.0
1952,Saves,Al Brazle,St. Louis,16.0
1952,Shutouts,Ken Raffensberger,Cincinnati,6.0
1952,Curt Simmons,Philadelphia,,
1952,Strikeouts,Warren Spahn,Boston,183.0
1952,Winning Percentage,Hoyt Wilhelm,New York,833.0
1952,Wins,Robin Roberts,Philadelphia,28.0
1922,Complete Games,Wilbur Cooper,Pittsburgh,27.0
1922,ERA,Phil Douglas,New York,2.63
1922,Games,Lou North,St. Louis,53.0
1922,Saves,Claude Jonnard,New York,5.0
1922,Shutouts,Johnny Morrison,Pittsburgh,5.0
1922,Dazzy Vance,Brooklyn,,
1922,Strikeouts,Dazzy Vance,Brooklyn,134.0
1922,Winning Percentage,Pete Donohue,Cincinnati,667.0
1922,Wins,Eppa Rixey,Cincinnati,25.0
1981,Complete Games,Fernando Valenzuela,Los Angeles,11.0
1981,ERA,Nolan Ryan,Houston,1.69
1981,Games,Gary Lucas,San Diego,57.0
1981,Saves,Bruce Sutter,St. Louis,25.0
1981,Shutouts,Fernando Valenzuela,Los Angeles,8.0
1981,Strikeouts,Fernando Valenzuela,Los Angeles,180.0
1981,Winning Percentage,Tom Seaver,Cincinnati,875.0
1981,Wins,Tom Seaver,Cincinnati,14.0
1893,Complete Games,Amos Rusie,New York,50.0
1893,ERA,Ted Breitenstein,St. Louis,3.18
1893,Games,Amos Rusie,New York,56.0
1893,Saves,Mark Baldwin,New York,2.0
1893,Tom Colcolough,Pittsburgh,,
1893,Frank Donnelly,Chicago,,
1893,Frank Dwyer,Cincinnati,,
1893,Tony Mullane,Cincinnati,,
1893,Shutouts,Red Ehret,Pittsburgh,4.0
1893,Amos Rusie,New York,,
1893,Strikeouts,Amos Rusie,New York,208.0
1893,Winning Percentage,Hank Gastright,Pittsburgh,750.0
1893,Wins,Frank Killen,Pittsburgh,36.0
2022,Complete Games,Sandy Alcantara,Miami Marlins,6.0
2022,ERA,Julio Urías,Los Angeles Dodgers,2.16
2022,Games,John Brebbia,San Francisco Giants,76.0
2022,Saves,Kenley Jansen,Atlanta Braves,41.0
2022,Shutouts,Sandy Alcantara,Miami Marlins,1.0
2022,Walker Buehler,Los Angeles Dodgers,1,
2022,Bryce Elder,Atlanta Braves,1,
2022,Hunter Greene,Cincinnati Reds,1,
2022,Chad Kuhl,Colorado Rockies,1,
2022,Jordan Montgomery,St. Louis Cardinals,1,
2022,Aaron Nola,Philadelphia Phillies,1,
2022,Strikeouts,Corbin Burnes,Milwaukee Brewers,243.0
2022,Winning Percentage,Kyle Wright,Atlanta Braves,808.0
2022,Wins,Kyle Wright,Atlanta Braves,21.0
1910,Complete Games,Mordecai Brown,Chicago,27.0
1910,Christy Mathewson,New York,,
1910,Nap Rucker,Brooklyn,,
1910,ERA,King Cole,Chicago,1.8
1910,Games,Al Mattern,Boston,51.0
1910,Saves,Mordecai Brown,Chicago,7.0
1910,Harry Gaspar,Cincinnati,,
1910,Shutouts,Mordecai Brown,Chicago,6.0
1910,Al Mattern,Boston,,
1910,Earl Moore,Philadelphia,,
1910,Nap Rucker,Brooklyn,,
1910,Strikeouts,Earl Moore,Philadelphia,185.0
1910,Winning Percentage,King Cole,Chicago,833.0
1910,Wins,Christy Mathewson,New York,27.0
1960,Complete Games,Lew Burdette,Milwaukee,18.0
1960,Vern Law,Pittsburgh,,
1960,Warren Spahn,Milwaukee,,
1960,ERA,Mike McCormick,San Francisco,2.7
1960,Games,Roy Face,Pittsburgh,68.0
1960,Saves,Lindy McDaniel,St. Louis,26.0
1960,Shutouts,Jack Sanford,San Francisco,6.0
1960,Strikeouts,Don Drysdale,Los Angeles,246.0
1960,Winning Percentage,Ernie Broglio,St. Louis,700.0
1960,Wins,Ernie Broglio,St. Louis,21.0
1960,Warren Spahn,Milwaukee,,
2010,Complete Games,Roy Hallady,Philadelphia,9.0
2010,ERA,Josh Johnson,Florida,2.3
2010,Games,Pedro Feliciano,New York,92.0
2010,Saves,Brian Wilson,San Francisco,48.0
2010,Shutouts,Roy Hallady,Philadelphia,4.0
2010,Strikeouts,Tim Lincecum,San Francisco,231.0
2010,Winning Percentage,Ubaldo Jimenez,Colorado,704.0
2010,Wins,Roy Hallady,Philadelphia,21.0
1896,Complete Games,Frank Killen,Pittsburgh,44.0
1896,ERA,Billy Rhines,Cincinnati,2.45
1896,Games,Frank Killen,Pittsburgh,52.0
1896,Saves,Cy Young,Cleveland,3.0
1896,Shutouts,Frank Killen,Pittsburgh,5.0
1896,Cy Young,Cleveland,,
1896,Strikeouts,Cy Young,Cleveland,140.0
1896,Winning Percentage,Bill Hoffer,Baltimore,781.0
1896,Wins,Frank Killen,Pittsburgh,30.0
1896,Kid Nichols,Boston,,
1909,Complete Games,Mordecai Brown,Chicago,32.0
1909,ERA,Christy Mathewson,New York,1.14
1909,Games,Mordecai Brown,Chicago,50.0
1909,Saves,Mordecai Brown,Chicago,7.0
1909,Shutouts,Orval Overall,Chicago,9.0
1909,Strikeouts,Orval Overall,Chicago,205.0
1909,Winning Percentage,Howie Camnitz,Pittsburgh,806.0
1909,Christy Mathewson,New York,,
1909,Wins,Mordecai Brown,Chicago,27.0
1984,Complete Games,Mario Soto,Cincinnati,13.0
1984,ERA,Alejandro Pena,Los Angeles,2.48
1984,Games,Ted Power,Cincinnati,78.0
1984,Saves,Bruce Sutter,St. Louis,45.0
1984,Shutouts,Joaquin Andujar,St. Louis,4.0
1984,Orel Hershiser,Los Angeles,,
1984,Alejandro Pena,Los Angeles,,
1984,Strikeouts,Dwight Gooden,New York,276.0
1984,Winning Percentage,Rick Sutcliffe,Chicago,941.0
1984,Wins,Joaquin Andujar,St. Louis,20.0
1979,Complete Games,Phil Niekro,Atlanta,23.0
1979,ERA,J.R. Richard,Houston,2.71
1979,Games,Kent Tekulve,Pittsburgh,94.0
1979,Saves,Bruce Sutter,Chicago,37.0
1979,Shutouts,Phil Niekro,Atlanta,5.0
1979,Steve Rogers,Montreal,,
1979,Tom Seaver,Cincinnati,,
1979,Strikeouts,J.R. Richard,Houston,313.0
1979,Winning Percentage,Tom Seaver,Cincinnati,727.0
1979,Wins,Joe Niekro,Houston,21.0
1979,Phil Niekro,Atlanta,,
1927,Complete Games,Jesse Haines,St. Louis,25.0
1927,Lee Meadows,Pittsburgh,,
1927,Dazzy Vance,Brooklyn,,
1927,ERA,Ray Kremer,Pittsburgh,2.47
1927,Games,Charlie Root,Chicago,48.0
1927,Jack Scott,Philadelphia,,
1927,Saves,Bill Sherdel,St. Louis,6.0
1927,Shutouts,Jesse Haines,St. Louis,6.0
1927,Strikeouts,Dazzy Vance,Brooklyn,184.0
1927,Winning Percentage,Larry Benton,Boston,708.0
1927,Wins,Charlie Root,Chicago,26.0
2009,Complete Games,Matt Cain,San Francisco,4.0
2009,Tim Lincecum,San Francisco,,
2009,ERA,Chris Carpenter,St. Louis,2.24
2009,Games,Pedro Feliciano,New York,88.0
2009,Saves,Heath Bell,San Diego,42.0
2009,Shutouts,Bronson Arroyo,Cincinnati,2.0
2009,Cole Hamels,Philadelphia,,
2009,J.A. Happ,Philadelphia,,
2009,Tim Lincecum,San Francisco,,
2009,Joel Pineiro,St. Louis,,
2009,Strikeouts,Tim Lincecum,San Francisco,261.0
2009,Winning Percentage,Chris Carpenter,St. Louis,810.0
2009,Wins,Adam Wainwright,St. Louis,19.0
1957,Complete Games,Warren Spahn,Milwaukee,18.0
1957,ERA,Johnny Podres,Brooklyn,2.66
1957,Games,Turk Lown,Chicago,67.0
1957,Saves,Clem Labine,Brooklyn,17.0
1957,Shutouts,Johnny Podres,Brooklyn,6.0
1957,Strikeouts,Jack Sanford,Philadelphia,188.0
1957,Winning Percentage,Bob Buhl,Milwaukee,720.0
1957,Wins,Warren Spahn,Milwaukee,21.0
2015,Complete Games,Jake Arrieta,Chicago,4.0
2015,Madison Bumgarner,San Francisco,,
2015,Clayton Kershaw,Los Angeles,,
2015,Max Scherzer,Washington,,
2015,ERA,Zack Greinke,Los Angeles,1.66
2015,Games,Kevin Siegrist,St. Louis,81.0
2015,Saves,Mark Melancon,Pittsburgh,51.0
2015,Shutouts,Jake Arrieta,Chicago,3.0
2015,Clayton Kershaw,Los Angeles,,
2015,Max Scherzer,Washington,,
2015,Strikeouts,Clayton Kershaw,Los Angeles,301.0
2015,Winning Percentage,Zack Greinke,Los Angeles,864.0
2015,Wins,Jake Arrieta,Chicago,22.0
1965,Complete Games,Sandy Koufax,Los Angeles,27.0
1965,ERA,Sandy Koufax,Los Angeles,2.04
1965,Games,Ted Abernathy,Chicago,84.0
1965,Saves,Ted Abernathy,Chicago,31.0
1965,Shutouts,Juan Marichal,San Francisco,10.0
1965,Strikeouts,Sandy Koufax,Los Angeles,382.0
1965,Winning Percentage,Sandy Koufax,Los Angeles,765.0
1965,Wins,Sandy Koufax,Los Angeles,26.0
1998,Complete Games,Curt Schilling,Philadelphia,15.0
1998,ERA,Greg Maddux,Atlanta,2.22
1998,Games,Rod Beck,Chicago,81.0
1998,Saves,Trevor Hoffman,San Diego,53.0
1998,Shutouts,Greg Maddux,Atlanta,5.0
1998,Strikeouts,Curt Schilling,Philadelphia,300.0
1998,Winning Percentage,John Smoltz,Atlanta,850.0
1998,Wins,Tom Glavine,Atlanta,20.0
1915,Complete Games,Grover Alexander,Philadelphia,36.0
1915,ERA,Grover Alexander,Philadelphia,1.22
1915,Games,Tom Hughes,Boston,50.0
1915,Saves,Tom Hughes,Boston,9.0
1915,Shutouts,Grover Alexander,Philadelphia,12.0
1915,Strikeouts,Grover Alexander,Philadelphia,241.0
1915,Winning Percentage,Grover Alexander,Philadelphia,756.0
1915,Wins,Grover Alexander,Philadelphia,31.0
1877,Complete Games,Jim Devlin,Louisville,61.0
1877,ERA,Tommy Bond,Boston,2.11
1877,Games,Jim Devlin,Louisville,61.0
1877,Saves,Cal McVey,Chicago,2.0
1877,Shutouts,Tommy Bond,Boston,6.0
1877,Strikeouts,Tommy Bond,Boston,170.0
1877,Winning Percentage,Tommy Bond,Boston,702.0
1877,Wins,Tommy Bond,Boston,40.0
1970,Complete Games,Fergie Jenkins,Chicago,24.0
1970,ERA,Tom Seaver,New York,2.82
1970,Games,Ron Herbel,San Diego,76.0
1970,Saves,Wayne Granger,Cincinnati,35.0
1970,Shutouts,Gaylord Perry,San Francisco,5.0
1970,Strikeouts,Tom Seaver,New York,283.0
1970,Winning Percentage,Bob Gibson,St. Louis,767.0
1970,Wins,Bob Gibson,St. Louis,23.0
1970,Gaylord Perry,San Francisco,,
1900,Complete Games,Pink Hawley,New York,34.0
1900,ERA,Rube Waddell,Pittsburgh,2.37
1900,Games,Bill Carrick,New York,45.0
1900,Saves,Frank Kitson,Brooklyn,4.0
1900,Shutouts,Clark Griffith,Chicago,4.0
1900,Noodles Hahn,Cincinnati,,
1900,Kid Nichols,Boston,,
1900,Cy Young,St. Louis,,
1900,Strikeouts,Noodles Hahn,Cincinnati,132.0
1900,Winning Percentage,Joe McGinnity,Brooklyn,778.0
1900,Wins,Joe McGinnity,Brooklyn,28.0
2000,Complete Games,Randy Johnson,Arizona,8.0
2000,Curt Schilling,Philadelphia,,
2000,ERA,Kevin Brown,Los Angeles,2.58
2000,Games,Steve Kline,St. Louis,83.0
2000,Saves,Antonio Alfonseca,Florida,45.0
2000,Shutouts,Greg Maddux,Atlanta,3.0
2000,Randy Johnson,Arizona,,
2000,Strikeouts,Randy Johnson,Arizona,347.0
2000,Winning Percentage,Randy Johnson,Arizona,731.0
2000,Wins,Tom Glavine,Atlanta,21.0
1932,Complete Games,Red Lucas,Cincinnati,28.0
1932,ERA,Lon Warneke,Chicago,2.37
1932,Games,Larry French,Pittsburgh,47.0
1932,Saves,Jack Quinn,Brooklyn,8.0
1932,Shutouts,Dizzy Dean,St. Louis,4.0
1932,Steve Swetonic,Pittsburgh,,
1932,Lon Warneke,Chicago,,
1932,Strikeouts,Dizzy Dean,St. Louis,191.0
1932,Winning Percentage,Lon Warneke,Chicago,786.0
1932,Wins,Lon Warneke,Chicago,22.0
1942,Complete Games,Jim Tobin,Boston,28.0
1942,ERA,Mort Cooper,St. Louis,1.78
1942,Games,Ace Adams,New York,61.0
1942,Saves,Hugh Casey,Brooklyn,13.0
1942,Shutouts,Mort Cooper,St. Louis,10.0
1942,Strikeouts,Johnny Vander Meer,Cincinnati,186.0
1942,Winning Percentage,Larry French,Brooklyn,789.0
1942,Wins,Mort Cooper,St. Louis,22.0
1883,Complete Games,Pud Galvin,Buffalo,72.0
1883,ERA,Jim McCormick,Cleveland,1.84
1883,Games,Pud Galvin,Buffalo,76.0
1883,Old Hoss Radbourn,Providence,,
1883,Saves,Jim Whitney,Boston,2.0
1883,Stump Wiedman,Detroit,,
1883,Shutouts,Pud Galvin,Buffalo,5.0
1883,Strikeouts,Jim Whitney,Boston,345.0
1883,Winning Percentage,Jim McCormick,Cleveland,700.0
1883,Wins,Old Hoss Radbourn,Providence,48.0
1991,Complete Games,Tom Glavine,Atlanta,9.0
1991,Dennis Martinez,Montreal,,
1991,ERA,Dennis Martinez,Montreal,2.39
1991,Games,Barry Jones,Montreal,77.0
1991,Saves,Lee Smith,St. Louis,47.0
1991,Shutouts,Dennis Martinez,Montreal,5.0
1991,Strikeouts,David Cone,New York,241.0
1991,Winning Percentage,Jose Rijo,Cincinnati,714.0
1991,John Smiley,Pittsburgh,,
1991,Wins,Tom Glavine,Atlanta,20.0
1991,John Smiley,Pittsburgh,,
1880,Complete Games,Jim McCormick,Cleveland,72.0
1880,ERA,Tim Keefe,Troy,0.86
1880,Games,Jim McCormick,Cleveland,74.0
1880,Lee Richmond,Worcester,,
1880,Saves,Lee Richmond,Worcester,3.0
1880,Shutouts,John Ward,Providence,8.0
1880,Strikeouts,Larry Corcoran,Chicago,268.0
1880,Winning Percentage,Fred Goldsmith,Chicago,875.0
1880,Wins,Jim McCormick,Cleveland,45.0
1992,Complete Games,Terry Mulholland,Philadelphia,12.0
1992,ERA,Bill Swift,San Francisco,2.08
1992,Games,Joe Boever,Houston,81.0
1992,Saves,Lee Smith,St. Louis,43.0
1992,Shutouts,David Cone,New York,5.0
1992,Tom Glavine,Atlanta,,
1992,Strikeouts,John Smoltz,Atlanta,215.0
1992,Winning Percentage,Bob Tewksbury,St. Louis,762.0
1992,Wins,Tom Glavine,Atlanta,20.0
1931,Complete Games,Red Lucas,Cincinnati,24.0
1931,ERA,Bill Walker,New York,2.26
1931,Games,Jumbo Elliott,Philadelphia,52.0
1931,Saves,Jack Quinn,Brooklyn,15.0
1931,Shutouts,Bill Walker,New York,6.0
1931,Strikeouts,Bill Hallahan,St. Louis,159.0
1931,Winning Percentage,Paul Derringer,St. Louis,692.0
1931,Wins,Jumbo Elliott,Philadelphia,19.0
1931,Bill Hallahan,St. Louis,,
1931,Heinie Meine,Pittsburgh,,
1941,Complete Games,Bucky Walters,Cincinnati,27.0
1941,ERA,Elmer Riddle,Cincinnati,2.24
1941,Games,Kirby Higbe,Brooklyn,48.0
1941,Saves,Jumbo Brown,New York,8.0
1941,Shutouts,Whit Wyatt,Brooklyn,7.0
1941,Strikeouts,Johnny Vander Meer,Cincinnati,202.0
1941,Winning Percentage,Elmer Riddle,Cincinnati,826.0
1941,Wins,Kirby Higbe,Brooklyn,22.0
1941,Whit Wyatt,Brooklyn,,
2003,Complete Games,Livan Hernandez,Montreal,8.0
2003,ERA,Jason Schmidt,San Francisco,2.34
2003,Games,Paul Quantrill,Los Angeles,89.0
2003,Saves,Eric Gagne,Los Angeles,55.0
2003,Shutouts,Kevin Millwood,Philadelphia,3.0
2003,Matt Morris,St. Louis,,
2003,Jason Schmidt,San Francisco,,
2003,Strikeouts,Kerry Wood,Chicago,266.0
2003,Winning Percentage,Jason Schmidt,San Francisco,773.0
2003,Wins,Russ Ortiz,Atlanta,21.0
1973,Complete Games,Steve Carlton,Philadelphia,18.0
1973,Tom Seaver,New York,,
1973,ERA,Tom Seaver,New York,2.08
1973,Games,Mike Marshall,Los Angeles,92.0
1973,Saves,Mike Marshall,Los Angeles,31.0
1973,Shutouts,Jack Billingham,Cincinnati,7.0
1973,Strikeouts,Tom Seaver,New York,251.0
1973,Winning Percentage,Tommy John,Los Angeles,696.0
1973,Wins,Ron Bryant,San Francisco,24.0
1903,Complete Games,Joe McGinnity,New York,44.0
1903,ERA,Sam Leever,Pittsburgh,2.06
1903,Games,Joe McGinnity,New York,55.0
1903,Saves,Carl Lundgren,Chicago,3.0
1903,Roscoe Miller,New York,,
1903,Shutouts,Sam Leever,Pittsburgh,7.0
1903,Strikeouts,Christy Mathewson,New York,267.0
1903,Winning Percentage,Sam Leever,Pittsburgh,781.0
1903,Wins,Joe McGinnity,New York,31.0
1966,Complete Games,Sandy Koufax,Los Angeles,27.0
1966,ERA,Sandy Koufax,Los Angeles,1.73
1966,Games,Clay Carroll,Atlanta,73.0
1966,Saves,Phil Regan,Los Angeles,21.0
1966,Shutouts,Jim Bunning,Philadelphia,5.0
1966,Bob Gibson,St. Louis,,
1966,Larry Jackson,Chicago,,
1966,Larry Jaster,St. Louis,,
1966,Sandy Koufax,Los Angeles,,
1966,Jim Maloney,Cincinnati,,
1966,Strikeouts,Sandy Koufax,Los Angeles,317.0
1966,Winning Percentage,Juan Marichal,San Francisco,806.0
1966,Wins,Sandy Koufax,Los Angeles,27.0
1889,Complete Games,John Clarkson,Boston,68.0
1889,ERA,John Clarkson,Boston,2.73
1889,Games,John Clarkson,Boston,73.0
1889,Saves,Bill Bishop,Chicago,2.0
1889,Bill Sowders,Boston,,
1889,Mickey Welch,New York,,
1889,Shutouts,John Clarkson,Boston,8.0
1889,Strikeouts,John Clarkson,Boston,284.0
1889,Winning Percentage,John Clarkson,Boston,721.0
1889,Wins,John Clarkson,Boston,49.0
1916,Complete Games,Grover Alexander,Philadelphia,38.0
1916,ERA,Grover Alexander,Philadelphia,1.55
1916,Games,Lee Meadows,St. Louis,51.0
1916,Saves,Red Ames,St. Louis,8.0
1916,Shutouts,Grover Alexander,Philadelphia,16.0
1916,Strikeouts,Grover Alexander,Philadelphia,167.0
1916,Winning Percentage,Tom Hughes,Boston,842.0
1916,Wins,Grover Alexander,Philadelphia,33.0
1948,Complete Games,Johnny Sain,Boston,28.0
1948,ERA,Harry Brecheen,St. Louis,2.24
1948,Games,Harry Gumbert,Cincinnati,61.0
1948,Saves,Harry Gumbert,Cincinnati,17.0
1948,Shutouts,Harry Brecheen,St. Louis,7.0
1948,Strikeouts,Harry Brecheen,St. Louis,149.0
1948,Winning Percentage,Harry Brecheen,St. Louis,741.0
1948,Wins,Johnny Sain,Boston,24.0
1938,Complete Games,Paul Derringer,Cincinnati,26.0
1938,ERA,Bill Lee,Chicago,2.66
1938,Games,Mace Brown,Pittsburgh,51.0
1938,Dick Coffman,New York,,
1938,Saves,Dick Coffman,New York,12.0
1938,Shutouts,Bill Lee,Chicago,9.0
1938,Strikeouts,Clay Bryant,Chicago,135.0
1938,Winning Percentage,Bill Lee,Chicago,710.0
1938,Wins,Bill Lee,Chicago,22.0
2016,Complete Games,Johnny Cueto,San Francisco,5.0
2016,ERA,Kyle Hendricks,Chicago,2.13
2016,Games,Brad Hand,San Diego,82.0
2016,Saves,Jeurys Familia,New York,51.0
2016,Shutouts,Clayton Kershaw,Los Angeles,3.0
2016,Strikeouts,Max Scherzer,Washington,284.0
2016,Winning Percentage,Jon Lester,Chicago,792.0
2016,Wins,Max Scherzer,Washington,20.0
1924,Complete Games,Burleigh Grimes,Brooklyn,30.0
1924,Dazzy Vance,Brooklyn,,
1924,ERA,Dazzy Vance,Brooklyn,2.16
1924,Games,Ray Kremer,Pittsburgh,41.0
1924,Johnny Morrison,Pittsburgh,,
1924,Saves,Jakie May,Cincinnati,6.0
1924,Shutouts,Jesse Barnes,Boston,4.0
1924,Wilbur Cooper,Pittsburgh,,
1924,Ray Kremer,Pittsburgh,,
1924,Eppa Rixey,Cincinnati,,
1924,Allen Sothoron,St. Louis,,
1924,Emil Yde,Pittsburgh,,
1924,Strikeouts,Dazzy Vance,Brooklyn,262.0
1924,Winning Percentage,Emil Yde,Pittsburgh,842.0
1924,Wins,Dazzy Vance,Brooklyn,28.0
1954,Complete Games,Robin Roberts,Philadelphia,29.0
1954,ERA,Johnny Antonelli,New York,2.3
1954,Games,Jim Hughes,Brooklyn,60.0
1954,Saves,Jim Hughes,Brooklyn,24.0
1954,Shutouts,Johnny Antonelli,New York,6.0
1954,Strikeouts,Robin Roberts,Philadelphia,185.0
1954,Winning Percentage,Johnny Antonelli,New York,750.0
1954,Wins,Robin Roberts,Philadelphia,23.0
1895,Complete Games,Ted Breitenstein,St. Louis,46.0
1895,ERA,Al Maul,Washington,2.45
1895,Games,Pink Hawley,Pittsburgh,56.0
1895,Saves,Ernie Beam,Philadelphia,3.0
1895,Kid Nichols,Boston,,
1895,Tom Parrott,Cincinnati,,
1895,Shutouts,Pink Hawley,Pittsburgh,4.0
1895,Bill Hoffer,Baltimore,,
1895,Sadie McMahon,Baltimore,,
1895,Amos Rusie,New York,,
1895,Cy Young,Cleveland,,
1895,Strikeouts,Amos Rusie,New York,201.0
1895,Winning Percentage,Bill Hoffer,Baltimore,838.0
1895,Wins,Cy Young,Cleveland,35.0
2024,Complete Games,Max Fried,Atlanta,2.0
2024,Cristopher Sánchez,Philadelphia,2,
2024,ERA,Chris Sale,Atlanta,2.38
2024,Games,Tyler Rogers,San Francisco,77.0
2024,Saves,Ryan Helsley,St. Louis,49.0
2024,Shutouts,Dylan Cease,San Diego,1.0
2024,Max Fried,Atlanta,1,
2024,Braxton Garrett,Miami,1,
2024,Aaron Nola,Philadelphia,1,
2024,Tyler Phillips,Philadelphia,1,
2024,Luis Severino,New York,1,
2024,Blake Snell,San Francisco,1,
2024,Gavin Stone,Los Angeles,1,
2024,Ranger Suárez,Philadelphia,1,
2024,Cristopher Sánchez,Philadelphia,1,
2024,Logan Webb,San Francisco,1,
2024,Strikeouts,Chris Sale,Atlanta,225.0
2024,Winning Percentage,Chris Sale,Atlanta,857.0
2024,Wins,Chris Sale,Atlanta,18.0
1987,Complete Games,Rick Reuschel,San Francisco,12.0
1987,Fernando Valenzuela,Los Angeles,,
1987,ERA,Nolan Ryan,Houston,2.76
1987,Games,Kent Tekulve,Philadelphia,90.0
1987,Saves,Steve Bedrosian,Philadelphia,40.0
1987,Shutouts,Rick Reuschel,San Francisco,4.0
1987,Bob Welch,Los Angeles,,
1987,Strikeouts,Nolan Ryan,Houston,270.0
1987,Winning Percentage,Dwight Gooden,New York,682.0
1987,Wins,Rick Sutcliffe,Chicago,18.0
2013,Complete Games,Adam Wainwright,St. Louis,4.0
2013,Jordan Zimmermann,Washington,,
2013,ERA,Clayton Kershaw,Los Angeles,1.83
2013,Games,Brad Ziegler,Arizona,78.0
2013,Saves,Craig Kimbrel,Atlanta,50.0
2013,Shutouts,Clayton Kershaw,Los Angeles,3.0
2013,Adam Wainwright,St. Louis,,
2013,Jordan Zimmermann,Washington,,
2013,Strikeouts,Clayton Kershaw,Los Angeles,232.0
2013,Winning Percentage,Zack Greinke,Los Angeles,789.0
2013,Wins,Adam Wainwright,St. Louis,19.0
2013,Jordan Zimmermann,Washington,,
1913,Complete Games,Lefty Tyler,Boston,28.0
1913,ERA,Christy Mathewson,New York,2.06
1913,Games,Larry Cheney,Chicago,54.0
1913,Saves,Larry Cheney,Chicago,11.0
1913,Shutouts,Grover Alexander,Philadelphia,9.0
1913,Strikeouts,Tom Seaton,Philadelphia,168.0
1913,Winning Percentage,Bert Humphries,Chicago,800.0
1913,Wins,Tom Seaton,Philadelphia,27.0
1963,Complete Games,Warren Spahn,Milwaukee,22.0
1963,ERA,Sandy Koufax,Los Angeles,1.88
1963,Games,Ron Perranoski,Los Angeles,69.0
1963,Saves,Lindy McDaniel,Chicago,22.0
1963,Shutouts,Sandy Koufax,Los Angeles,11.0
1963,Strikeouts,Sandy Koufax,Los Angeles,306.0
1963,Winning Percentage,Ron Perranoski,Los Angeles,842.0
1963,Wins,Sandy Koufax,Los Angeles,25.0
1963,Juan Marichal,San Francisco,,
1982,Complete Games,Steve Carlton,Philadelphia,19.0
1982,ERA,Steve Rogers,Montreal,2.4
1982,Games,Kent Tekulve,Pittsburgh,85.0
1982,Saves,Bruce Sutter,St. Louis,36.0
1982,Shutouts,Steve Carlton,Philadelphia,6.0
1982,Strikeouts,Steve Carlton,Philadelphia,286.0
1982,Winning Percentage,Phil Niekro,Atlanta,810.0
1982,Wins,Steve Carlton,Philadelphia,23.0
2021,Complete Games,German Marquez,Colorado Rockies,3.0
2021,Adam Wainwright,St. Louis Cardinals,3,
2021,Zack Wheeler,Philadelphia Phillies,3,
2021,ERA,Corbin Burnes,Milwaukee Brewers,2.43
2021,Games,Tyler Rogers,San Francisco Giants,80.0
2021,Saves,Mark Melancon,San Diego Padres,39.0
2021,Shutouts,Anthony DeSclafani,San Francisco Giants,2.0
2021,Max Fried,Atlanta Braves,2,
2021,Joe Musgrove,San Diego Padres,2,
2021,Zack Wheeler,Philadelphia Phillies,2,
2021,Strikeouts,Zack Wheeler,Philadelphia Phillies,247.0
2021,Winning Percentage,Julio Urias,Los Angeles Dodgers,870.0
2021,Wins,Julio Urias,Los Angeles Dodgers,20.0
1890,Complete Games,Bill Hutchison,Chicago,65.0
1890,ERA,Billy Rhines,Cincinnati,1.95
1890,Games,Bill Hutchison,Chicago,71.0
1890,Saves,Dave Foutz,Brooklyn,2.0
1890,Kid Gleason,Philadelphia,,
1890,Bill Hutchison,Chicago,,
1890,Shutouts,Kid Nichols,Boston,7.0
1890,Strikeouts,Amos Rusie,New York,341.0
1890,Winning Percentage,Tom Lovett,Brooklyn,732.0
1890,Wins,Bill Hutchison,Chicago,42.0
1951,Complete Games,Warren Spahn,Boston,26.0
1951,ERA,Chet Nichols,Boston,2.88
1951,Games,Ted Wilks,St. Louis,65.0
1951,Saves,Ted Wilks,St. Louis,13.0
1951,Shutouts,Warren Spahn,Boston,7.0
1951,Strikeouts,Don Newcombe,Brooklyn,164.0
1951,Warren Spahn,Boston,,
1951,Winning Percentage,Preacher Roe,Brooklyn,880.0
1951,Wins,Larry Jansen,New York,23.0
1921,Complete Games,Burleigh Grimes,Brooklyn,30.0
1921,ERA,Bill Doak,St. Louis,2.59
1921,Games,Jack Scott,Boston,47.0
1921,Saves,Lou North,St. Louis,7.0
1921,Shutouts,Grover Alexander,Chicago,3.0
1921,Phil Douglas,New York,,
1921,Dana Fillingim,Boston,,
1921,Jesse Haines,St. Louis,,
1921,Dolf Luque,Cincinnati,,
1921,Clarence Mitchell,Brooklyn,,
1921,Johnny Morrison,Pittsburgh,,
1921,Joe Oeschger,Boston,,
1921,Strikeouts,Burleigh Grimes,Brooklyn,136.0
1921,Winning Percentage,Babe Adams,Pittsburgh,737.0
1921,Whitey Glazner,Pittsburgh,,
1921,Wins,Wilbur Cooper,Pittsburgh,22.0
1921,Burleigh Grimes,Brooklyn,,
1944,Complete Games,Jim Tobin,Boston,28.0
1944,ERA,Ed Heusser,Cincinnati,2.38
1944,Games,Ace Adams,New York,65.0
1944,Saves,Ace Adams,New York,13.0
1944,Shutouts,Mort Cooper,St. Louis,7.0
1944,Strikeouts,Bill Voiselle,New York,161.0
1944,Winning Percentage,Ted Wilks,St. Louis,810.0
1944,Wins,Bucky Walters,Cincinnati,23.0
1934,Complete Games,Carl Hubbell,New York,25.0
1934,ERA,Carl Hubbell,New York,2.3
1934,Games,Curt Davis,Philadelphia,51.0
1934,Saves,Carl Hubbell,New York,7.0
1934,Shutouts,Dizzy Dean,St. Louis,7.0
1934,Strikeouts,Dizzy Dean,St. Louis,195.0
1934,Winning Percentage,Dizzy Dean,St. Louis,811.0
1934,Wins,Dizzy Dean,St. Louis,30.0
1997,Complete Games,Pedro Martinez,Montreal,13.0
1997,ERA,Pedro Martinez,Montreal,1.9
1997,Games,Julian Tavarez,San Francisco,89.0
1997,Saves,Jeff Shaw,Cincinnati,42.0
1997,Shutouts,Carlos Perez,Montreal,5.0
1997,Strikeouts,Curt Schilling,Philadelphia,319.0
1997,Winning Percentage,Greg Maddux,Atlanta,826.0
1997,Wins,Denny Neagle,Atlanta,20.0
1878,Complete Games,Tommy Bond,Boston,57.0
1878,ERA,John Ward,Providence,1.51
1878,Games,Tommy Bond,Boston,59.0
1878,Saves,Tom Healey,Providence,2.0
1878,Shutouts,Tommy Bond,Boston,9.0
1878,Strikeouts,Tommy Bond,Boston,182.0
1878,Winning Percentage,Harry Wheeler,Providence,857.0
1878,Wins,Tommy Bond,Boston,40.0
1885,Complete Games,John Clarkson,Chicago,68.0
1885,ERA,Tim Keefe,New York,1.58
1885,Games,John Clarkson,Chicago,70.0
1885,Saves,Fred Pfeffer,Chicago,2.0
1885,Ned Williamson,Chicago,,
1885,Shutouts,John Clarkson,Chicago,10.0
1885,Strikeouts,John Clarkson,Chicago,308.0
1885,Winning Percentage,Mickey Welch,New York,800.0
1885,Wins,John Clarkson,Chicago,53.0
1906,Complete Games,Irv Young,Boston,37.0
1906,ERA,Mordecai Brown,Chicago,1.04
1906,Games,Joe McGinnity,New York,45.0
1906,Saves,George Ferguson,New York,7.0
1906,Shutouts,Mordecai Brown,Chicago,9.0
1906,Strikeouts,Fred Beebe,Chicago,171.0
1906,Winning Percentage,Ed Reulbach,Chicago,826.0
1906,Wins,Joe McGinnity,New York,27.0
1899,Complete Games,Bill Carrick,New York,40.0
1899,Jack Powell,St. Louis,,
1899,Cy Young,St. Louis,,
1899,ERA,Vic Willis,Boston,2.5
1899,Games,Sam Leever,Pittsburgh,51.0
1899,Saves,Sam Leever,Pittsburgh,3.0
1899,Shutouts,Vic Willis,Boston,5.0
1899,Strikeouts,Noodles Hahn,Cincinnati,145.0
1899,Winning Percentage,Jay Hughes,Brooklyn,824.0
1899,Al Orth,Philadelphia,,
1899,Wins,Jay Hughes,Brooklyn,28.0
1899,Joe McGinnity,Baltimore,,
1976,Complete Games,Randy Jones,San Diego,25.0
1976,ERA,John Denny,St. Louis,2.52
1976,Games,Dale Murray,Montreal,81.0
1976,Saves,Rawly Eastwick,Cincinnati,26.0
1976,Shutouts,Jon Matlack,New York,6.0
1976,John Montefusco,San Francisco,,
1976,Strikeouts,Tom Seaver,New York,235.0
1976,Winning Percentage,Steve Carlton,Philadelphia,741.0
1976,Wins,Randy Jones,San Diego,22.0
2006,Complete Games,Aaron Harang,Cincinnati,6.0
2006,ERA,Roy Oswalt,Houston,2.98
2006,Games,Salomon Torres,Pittsburgh,94.0
2006,Saves,Trevor Hoffman,San Diego,46.0
2006,Shutouts,Chris Carpenter,St. Louis,3.0
2006,Brandon Webb,Arizona,,
2006,Strikeouts,Aaron Harang,Cincinnati,216.0
2006,Winning Percentage,Carlos Zambrano,Chicago,696.0
2006,Wins,Aaron Harang,Cincinnati,16.0
2006,Derek Lowe,Los Angeles,,
2006,Brad Penny,Los Angeles,,
2006,John Smoltz,Atlanta,,
2006,Brandon Webb,Arizona,,
2006,Carlos Zambrano,Chicago,,
1928,Complete Games,Larry Benton,New York,28.0
1928,Burleigh Grimes,Pittsburgh,,
1928,ERA,Dazzy Vance,Brooklyn,2.09
1928,Games,Burleigh Grimes,Pittsburgh,48.0
1928,Saves,Hal Haid,St. Louis,5.0
1928,Bill Sherdel,St. Louis,,
1928,Shutouts,Sheriff Blake,Chicago,4.0
1928,Burleigh Grimes,Pittsburgh,,
1928,Red Lucas,Cincinnati,,
1928,Doug McWeeny,Brooklyn,,
1928,Dazzy Vance,Brooklyn,,
1928,Strikeouts,Dazzy Vance,Brooklyn,200.0
1928,Winning Percentage,Larry Benton,New York,735.0
1928,Wins,Larry Benton,New York,25.0
1928,Burleigh Grimes,Pittsburgh,,
1958,Complete Games,Warren Spahn,Milwaukee,23.0
1958,ERA,Stu Miller,San Francisco,2.47
1958,Games,Don Elston,Chicago,69.0
1958,Saves,Roy Face,Pittsburgh,20.0
1958,Shutouts,Carl Willey,Milwaukee,4.0
1958,Strikeouts,Sam Jones,St. Louis,225.0
1958,Winning Percentage,Lew Burdette,Milwaukee,667.0
1958,Warren Spahn,Milwaukee,,
1958,Wins,Bob Friend,Pittsburgh,22.0
1958,Warren Spahn,Milwaukee,,
1943,Complete Games,Rip Sewell,Pittsburgh,25.0
1943,ERA,Max Lanier,St. Louis,1.94
1943,Games,Ace Adams,New York,70.0
1943,Saves,Les Webber,Brooklyn,10.0
1943,Shutouts,Hi Bithorn,Chicago,7.0
1943,Strikeouts,Johnny Vander Meer,Cincinnati,174.0
1943,Winning Percentage,Mort Cooper,St. Louis,724.0
1943,Wins,Mort Cooper,St. Louis,21.0
1943,Elmer Riddle,Cincinnati,,
1943,Rip Sewell,Pittsburgh,,
1933,Complete Games,Lon Warneke,Chicago,26.0
1933,Dizzy Dean,St. Louis,,
1933,ERA,Carl Hubbell,New York,1.66
1933,Games,Dizzy Dean,St. Louis,48.0
1933,Saves,Phil Collins,Philadelphia,6.0
1933,Shutouts,Carl Hubbell,New York,10.0
1933,Strikeouts,Dizzy Dean,St. Louis,199.0
1933,Winning Percentage,Ben Cantwell,Boston,667.0
1933,Wins,Carl Hubbell,New York,23.0
1990,Complete Games,Ramon Martinez,Los Angeles,12.0
1990,ERA,Danny Darwin,Houston,2.21
1990,Games,Juan Agosto,Houston,82.0
1990,Saves,John Franco,New York,33.0
1990,Shutouts,Bruce Hurst,San Diego,4.0
1990,Mike Morgan,Los Angeles,,
1990,Strikeouts,David Cone,New York,233.0
1990,Winning Percentage,Doug Drabek,Pittsburgh,786.0
1990,Wins,Doug Drabek,Pittsburgh,22.0
1882,Complete Games,Jim McCormick,Cleveland,65.0
1882,ERA,Larry Corcoran,Chicago,1.95
1882,Games,Jim McCormick,Cleveland,68.0
1882,Saves,John Ward,Providence,1.0
1882,Shutouts,Old Hoss Radbourn,Providence,6.0
1882,Strikeouts,Old Hoss Radbourn,Providence,201.0
1882,Winning Percentage,Larry Corcoran,Chicago,692.0
1882,Wins,Jim McCormick,Cleveland,36.0
1901,Complete Games,Noodles Hahn,Cincinnati,41.0
1901,ERA,Jesse Tannehill,Pittsburgh,2.18
1901,Games,Bill Donovan,Brooklyn,45.0
1901,Jack Powell,St.Louis,,
1901,Dummy Taylor,New York,,
1901,Saves,Bill Donovan,Brooklyn,3.0
1901,Jack Powell,St. Louis,,
1901,Shutouts,Jack Chesbro,Pittsburgh,6.0
1901,Al Orth,Philadelphia,,
1901,Vic Willis,Boston,,
1901,Strikeouts,Noodles Hahn,Cincinnati,239.0
1901,Winning Percentage,Jack Chesbro,Pittsburgh,677.0
1901,Wins,Bill Donovan,Brooklyn,25.0
1971,Complete Games,Fergie Jenkins,Chicago,30.0
1971,ERA,Tom Seaver,New York,1.76
1971,Games,Wayne Granger,Cincinnati,70.0
1971,Saves,Dave Giusti,Pittsburgh,30.0
1971,Shutouts,Steve Blass,Pittsburgh,5.0
1971,Al Downing,Los Angeles,,
1971,Bob Gibson,St. Louis,,
1971,Milt Pappas,Chicago,,
1971,Strikeouts,Tom Seaver,New York,289.0
1971,Winning Percentage,Don Gullett,Cincinnati,727.0
1971,Wins,Fergie Jenkins,Chicago,24.0
2001,Complete Games,Curt Schilling,Arizona,6.0
2001,ERA,Randy Johnson,Arizona,2.49
2001,Games,Steve Kline,St. Louis,89.0
2001,Saves,Robb Nen,San Francisco,45.0
2001,Shutouts,Greg Maddux,Atlanta,3.0
2001,Javier Vazquez,Montreal,,
2001,Strikeouts,Randy Johnson,Arizona,372.0
2001,Winning Percentage,Roy Oswalt,Houston,824.0
2001,Wins,Curt Schilling,Arizona,22.0
2001,Matt Morris,St. Louis,,
2014,Complete Games,Clayton Kershaw,Los Angeles,6.0
2014,ERA,Clayton Kershaw,Los Angeles,1.77
2014,Games,Will Smith,Milwaukee,78.0
2014,Tony Watson,Pittsburgh,,
2014,Saves,Craig Kimbrel,Atlanta,47.0
2014,Shutouts,Henderson Alvarez,Miami,4.0
2014,Strikeouts,Johnny Cueto,Cincinnati,242.0
2014,Stephen Strasburg,Washington,,
2014,Winning Percentage,Clayton Kershaw,Los Angeles,875.0
2014,Wins,Clayton Kershaw,Los Angeles,21.0
1876,Complete Games,Jim Devlin,Louisville,66.0
1876,ERA,George Bradley,St. Louis,1.23
1876,Games,Jim Devlin,Louisville,68.0
1876,Saves,Jack Manning,Boston,5.0
1876,Shutouts,George Bradley,St. Louis,16.0
1876,Strikeouts,Jim Devlin,Louisville,122.0
1876,Winning Percentage,Al Spalding,Chicago,797.0
1876,Wins,Al Spalding,Chicago,47.0
1914,Complete Games,Grover Alexander,Philadelphia,32.0
1914,ERA,Bill Doak,St. Louis,1.72
1914,Games,Larry Cheney,Chicago,50.0
1914,Saves,Red Ames,Cincinnati,6.0
1914,Slim Sallee,St. Louis,,
1914,Shutouts,Jeff Tesreau,New York,8.0
1914,Strikeouts,Grover Alexander,Philadelphia,214.0
1914,Winning Percentage,Bill James,Boston,788.0
1914,Wins,Grover Alexander,Philadelphia,27.0
1999,Complete Games,Randy Johnson,Arizona,12.0
1999,ERA,Randy Johnson,Arizona,2.48
1999,Games,Steve Kline,Montreal,82.0
1999,Saves,Ugueth Urbina,Montreal,41.0
1999,Shutouts,Andy Ashby,San Diego,3.0
1999,Strikeouts,Randy Johnson,Arizona,364.0
1999,Winning Percentage,Mike Hampton,Houston,846.0
1999,Wins,Mike Hampton,Houston,22.0
1964,Complete Games,Juan Marichal,San Francisco,22.0
1964,ERA,Sandy Koufax,Los Angeles,1.74
1964,Games,Bob Miller,Los Angeles,74.0
1964,Saves,Hal Woodeshick,Houston,23.0
1964,Shutouts,Sandy Koufax,Los Angeles,7.0
1964,Strikeouts,Bob Veale,Pittsburgh,250.0
1964,Winning Percentage,Sandy Koufax,Los Angeles,792.0
1964,Wins,Larry Jackson,Chicago,24.0
1978,Complete Games,Phil Niekro,Atlanta,22.0
1978,ERA,Craig Swan,New York,2.43
1978,Games,Kent Tekulve,Pittsburgh,91.0
1978,Saves,Rollie Fingers,San Diego,37.0
1978,Shutouts,Bob Knepper,San Francisco,6.0
1978,Strikeouts,J.R. Richard,Houston,303.0
1978,Winning Percentage,Gaylord Perry,San Diego,778.0
1978,Wins,Gaylord Perry,San Diego,21.0
1985,Complete Games,Dwight Gooden,New York,16.0
1985,ERA,Dwight Gooden,New York,1.53
1985,Games,Tim Burke,Montreal,78.0
1985,Saves,Jeff Reardon,Montreal,41.0
1985,Shutouts,John Tudor,St. Louis,10.0
1985,Strikeouts,Dwight Gooden,New York,268.0
1985,Winning Percentage,Orel Hershiser,Los Angeles,864.0
1985,Wins,Dwight Gooden,New York,24.0
1908,Complete Games,Christy Mathewson,New York,34.0
1908,ERA,Christy Mathewson,New York,1.43
1908,Games,Christy Mathewson,New York,56.0
1908,Saves,Mordecai Brown,Chicago,5.0
1908,Christy Mathewson,New York,,
1908,Joe McGinnity,New York,,
1908,Shutouts,Christy Mathewson,New York,11.0
1908,Strikeouts,Christy Mathewson,New York,259.0
1908,Winning Percentage,Ed Reulbach,Chicago,774.0
1908,Wins,Christy Mathewson,New York,37.0
1897,Complete Games,Red Donahue,St. Louis,38.0
1897,Clark Griffith,Chicago,,
1897,Frank Killen,Pittsburgh,,
1897,ERA,Amos Rusie,New York,2.54
1897,Games,Red Donahue,St. Louis,46.0
1897,Kid Nichols,Boston,,
1897,Win Mercer,Washington,,
1897,Cy Young,Cleveland,,
1897,Saves,Kid Nichols,Boston,3.0
1897,Win Mercer,Washington,,
1897,Shutouts,Doc McJames,Washington,3.0
1897,Strikeouts,Doc McJames,Washington,156.0
1897,Winning Percentage,Fred Klobedanz,Boston,788.0
1897,Wins,Kid Nichols,Boston,31.0
1956,Complete Games,Robin Roberts,Philadelphia,22.0
1956,ERA,Lew Burdette,Milwaukee,2.7
1956,Games,Roy Face,Pittsburgh,68.0
1956,Saves,Clem Labine,Brooklyn,19.0
1956,Shutouts,Lew Burdette,Milwaukee,6.0
1956,Strikeouts,Sam Jones,Chicago,176.0
1956,Winning Percentage,Don Newcombe,Brooklyn,794.0
1956,Wins,Don Newcombe,Brooklyn,27.0
2008,Complete Games,C.C. Sabathia,Milwaukee,7.0
2008,ERA,Johan Santana,New York,2.53
2008,Games,Pedro Feliciano,New York,86.0
2008,Saves,Jose Valverde,Houston,44.0
2008,Shutouts,C.C. Sabathia,Milwaukee,3.0
2008,Ben Sheets,Milwaukee,,
2008,Strikeouts,Tim Lincecum,San Francisco,265.0
2008,Winning Percentage,Tim Lincecum,San Francisco,783.0
2008,Wins,Brandon Webb,Arizona,22.0
1926,Complete Games,Carl Mays,Cincinnati,24.0
1926,ERA,Ray Kremer,Pittsburgh,2.61
1926,Games,Jack Scott,New York,50.0
1926,Saves,Chick Davies,New York,6.0
1926,Shutouts,Pete Donohue,Cincinnati,5.0
1926,Strikeouts,Dazzy Vance,Brooklyn,184.0
1926,Winning Percentage,Ray Kremer,Pittsburgh,769.0
1926,Wins,Pete Donohue,Cincinnati,20.0
1926,Ray Kremer,Pittsburgh,,
1926,Lee Meadows,Pittsburgh,,
1926,Flint Rhem,St. Louis,,
1961,Complete Games,Warren Spahn,Milwaukee,21.0
1961,ERA,Warren Spahn,Milwaukee,3.02
1961,Games,Jack Baldschun,Philadelphia,65.0
1961,Saves,Roy Face,Pittsburgh,17.0
1961,Stu Miller,San Francisco,,
1961,Shutouts,Joey Jay,Cincinnati,4.0
1961,Warren Spahn,Milwaukee,,
1961,Strikeouts,Sandy Koufax,Los Angeles,269.0
1961,Winning Percentage,Johnny Podres,Los Angeles,783.0
1961,Wins,Joey Jay,Cincinnati,25.0
1961,Warren Spahn,Milwaukee,,
1911,Complete Games,Grover Alexander,Philadelphia,31.0
1911,ERA,Christy Mathewson,New York,1.99
1911,Games,Mordecai Brown,Chicago,53.0
1911,Saves,Mordecai Brown,Chicago,13.0
1911,Shutouts,Grover Alexander,Philadelphia,7.0
1911,Strikeouts,Rube Marquard,New York,237.0
1911,Winning Percentage,Rube Marquard,New York,774.0
1911,Wins,Grover Alexander,Philadelphia,28.0
2011,Complete Games,Roy Halladay,Philadelphia,8.0
2011,ERA,Clayton Kershaw,Los Angeles,2.28
2011,Games,Jonny Venters,Atlanta,85.0
2011,Saves,John Axford,Milwaukee,46.0
2011,Craig Kimbrel,Atlanta,,
2011,Shutouts,Cliff Lee,Philadelphia,6.0
2011,Strikeouts,Clayton Kershaw,Los Angeles,248.0
2011,Winning Percentage,Ian Kennedy,Arizona,840.0
2011,Wins,Ian Kennedy,Arizona,21.0
2011,Clayton Kershaw,Los Angeles,,
1923,Complete Games,Burleigh Grimes,Brooklyn,33.0
1923,ERA,Dolf Luque,Cincinnati,1.93
1923,Games,Claude Jonnard,New York,45.0
1923,Rosy Ryan,New York,,
1923,Saves,Claude Jonnard,New York,5.0
1923,Shutouts,Dolf Luque,Cincinnati,5.0
1923,Strikeouts,Dazzy Vance,Brooklyn,197.0
1923,Winning Percentage,Dolf Luque,Cincinnati,771.0
1923,Wins,Dolf Luque,Cincinnati,27.0
1953,Complete Games,Robin Roberts,Philadelphia,33.0
1953,ERA,Warren Spahn,Milwaukee,2.1
1953,Games,Hoyt Wilhelm,New York,68.0
1953,Saves,Al Brazle,St. Louis,18.0
1953,Shutouts,Harvey Haddix,St. Louis,6.0
1953,Strikeouts,Robin Roberts,Philadelphia,198.0
1953,Winning Percentage,Carl Erskine,Brooklyn,769.0
1953,Wins,Robin Roberts,Philadelphia,23.0
1953,Warren Spahn,Milwaukee,,
2023,Complete Games,Sandy Alcantara,Miami Marlins,3.0
2023,ERA,Blake Snell,San Diego Padres,2.25
2023,Games,Miguel Castro,Arizona Diamondbacks,75.0
2023,Saves,David Bednar,Pittsburgh Pirates,39.0
2023,Camilo Doval,San Francisco Giants,39,
2023,Shutouts,Sandy Alcantara,Miami Marlins,1.0
2023,Alex Cobb,San Francisco Giants,1,
2023,Max Fried,Atlanta Braves,1,
2023,Zac Gallen,Arizona Diamondbacks,1,
2023,Mitch Keller,Pittsburgh Pirates,1,
2023,Michael Lorenzen,Philadelphia Phillies,1,
2023,Johan Oviedo,Pittsburgh Pirates,1,
2023,Marcus Stroman,Chicago Cubs,1,
2023,Logan Webb,San Francisco Giants,1,
2023,Brandon Woodruff,Milwaukee Brewers,1,
2023,Strikeouts,Spencer Strider,Atlanta Braves,281.0
2023,Winning Percentage,Spencer Strider,Atlanta Braves,800.0
2023,Wins,Spencer Strider,Atlanta Braves,20.0
1892,Complete Games,Bill Hutchison,Chicago,67.0
1892,ERA,Cy Young,Cleveland,1.93
1892,Games,Bill Hutchison,Chicago,75.0
1892,Saves,Gus Weyhing,Philadelphia,3.0
1892,Shutouts,Cy Young,Cleveland,9.0
1892,Strikeouts,Bill Hutchison,Chicago,314.0
1892,Winning Percentage,Mike Sullivan,Cincinnati,750.0
1892,Cy Young,Cleveland,.750,
1892,Wins,Bill Hutchison,Chicago,36.0
1892,Cy Young,Cleveland,,
1980,Complete Games,Steve Rogers,Montreal,14.0
1980,ERA,Don Sutton,Los Angeles,2.2
1980,Games,Dick Tidrow,Chicago,84.0
1980,Saves,Bruce Sutter,St. Louis,28.0
1980,Shutouts,Jerry Reuss,Los Angeles,6.0
1980,Strikeouts,Steve Carlton,Philadelphia,286.0
1980,Winning Percentage,Jim Bibby,Pittsburgh,760.0
1980,Wins,Steve Carlton,Philadelphia,24.0
1887,Complete Games,John Clarkson,Chicago,56.0
1887,ERA,Dan Casey,Philadelphia,2.86
1887,Games,John Clarkson,Chicago,60.0
1887,Saves,Lady Baldwin,Chicago,1.0
1887,Charlie Ferguson,Indianapolis,,
1887,Bob Pettit,Chicago,,
1887,Bill Stemmeyer,Boston,,
1887,Mike Tiernan,New York,,
1887,Larry Twitchell,Detroit,,
1887,George Van Haltren,Chicago,,
1887,Shutouts,Dan Casey,Philadelphia,4.0
1887,Strikeouts,John Clarkson,Chicago,237.0
1887,Winning Percentage,Charlie Getzien,Detroit,690.0
1887,Wins,John Clarkson,Chicago,38.0
1918,Complete Games,Art Nehf,Boston,28.0
1918,ERA,Hippo Vaughn,Chicago,1.74
1918,Games,Burleigh Grimes,Brooklyn,40.0
1918,Saves,Fred Anderson,New York,3.0
1918,Wilbur Cooper,Pittsburgh,,
1918,Joe Oeschger,Philadelphia,,
1918,Fred Toney,Cincinnati,,
1918,Shutouts,Hippo Vaughn,Chicago,8.0
1918,Strikeouts,Hippo Vaughn,Chicago,148.0
1918,Winning Percentage,Claude Hendrix,Chicago,741.0
1918,Wins,Hippo Vaughn,Chicago,22.0
1995,Complete Games,Greg Maddux,Atlanta,10.0
1995,ERA,Greg Maddux,Atlanta,1.63
1995,Games,Curt Leskanic,Colorado,76.0
1995,Saves,Randy Myers,Chicago,38.0
1995,Shutouts,Hideo Nomo,Los Angeles,3.0
1995,Greg Maddux,Atlanta,,
1995,Strikeouts,Hideo Nomo,Los Angeles,236.0
1995,Winning Percentage,Greg Maddux,Atlanta,905.0
1995,Wins,Greg Maddux,Atlanta,19.0
1968,Complete Games,Juan Marichal,San Francisco,30.0
1968,ERA,Bob Gibson,St. Louis,1.12
1968,Games,Ted Abernathy,Cincinnati,78.0
1968,Saves,Phil Regan,Los Angeles,25.0
1968,Shutouts,Bob Gibson,St. Louis,13.0
1968,Strikeouts,Bob Gibson,St. Louis,268.0
1968,Winning Percentage,Steve Blass,Pittsburgh,750.0
1968,Wins,Juan Marichal,San Francisco,26.0
1936,Complete Games,Dizzy Dean,St. Louis,28.0
1936,ERA,Carl Hubbell,New York,2.31
1936,Games,Dizzy Dean,St. Louis,51.0
1936,Paul Derringer,Cincinnati,,
1936,Saves,Dizzy Dean,St. Louis,11.0
1936,Shutouts,Cy Blanton,Pittsburgh,4.0
1936,Tex Carleton,Chicago,,
1936,Larry French,Chicago,,
1936,Bill Lee,Chicago,,
1936,Al Smith,New York,,
1936,Bucky Walters,Philadelphia,,
1936,Lon Warneke,Chicago,,
1936,Strikeouts,Van Mungo,Brooklyn,238.0
1936,Winning Percentage,Carl Hubbell,New York,813.0
1936,Wins,Carl Hubbell,New York,26.0
2018,Complete Games,Michael Foltynewicz,Atlanta Braves,2.0
2018,Max Scherzer,Washington Nationals,2,
2018,Noah Syndergaard,New York Mets,2,
2018,Jameson Taillon,Pittsburgh Pirates,2,
2018,ERA,Jacob deGrom,New York Mets,1.7
2018,Games,Brad Ziegler,Miami Marlins,82.0
2018,Saves,Wade Davis,Colorado Rockies,43.0
2018,Shutouts,Patrick Corbin,Arizona Diamondbacks,1.0
2018,Michael Foltynewicz,Atlanta Braves,1,
2018,Miles Mikolas,St. Louis Cardinals,1,
2018,Max Scherzer,Washington Nationals,1,
2018,Chris Stratton,San Francisco Giants,1,
2018,Noah Syndergaard,New York Mets,1,
2018,Jameson Taillon,Pittsburgh Pirates,1,
2018,Trevor Williams,Pittsburgh Pirates,1,
2018,Strikeouts,Max Scherzer,Washington Nationals,300.0
2018,Winning Percentage,Miles Mikolas,St. Louis Cardinals,818.0
2018,Wins,Jon Lester,Chicago Cubs,18.0
2018,Miles Mikolas,St. Louis Cardinals,18,
2018,Max Scherzer,Washington Nationals,18,
1946,Complete Games,Johnny Sain,Boston,24.0
1946,ERA,Howie Pollet,St. Louis,2.1
1946,Games,Ken Trinkle,New York,48.0
1946,Saves,Ken Raffensberger,Philadelphia,6.0
1946,Shutouts,Ewell Blackwell,Cincinnati,5.0
1946,Harry Brecheen,St. Louis,,
1946,Strikeouts,Johnny Schmitz,Chicago,135.0
1946,Winning Percentage,Murry Dickson,St. Louis,714.0
1946,Wins,Howie Pollet,St. Louis,21.0
2004,Complete Games,Livan Hernandez,Montreal,9.0
2004,ERA,Jake Peavy,San Diego,2.27
2004,Games,Jim Brower,San Francisco,89.0
2004,Saves,Armando Benitez,Florida,47.0
2004,Jason Isringhausen,St. Louis,,
2004,Shutouts,Cory Lidle,Philadelphia,3.0
2004,Jason Schmidt,San Francisco,,
2004,Strikeouts,Randy Johnson,Arizona,290.0
2004,Winning Percentage,Roger Clemens,Houston,818.0
2004,Wins,Roy Oswalt,Houston,20.0
1974,Complete Games,Phil Niekro,Atlanta,18.0
1974,ERA,Buzz Capra,Atlanta,2.28
1974,Games,Mike Marshall,Los Angeles,106.0
1974,Saves,Mike Marshall,Los Angeles,21.0
1974,Shutouts,Jon Matlack,New York,7.0
1974,Strikeouts,Steve Carlton,Philadelphia,240.0
1974,Winning Percentage,Andy Messersmith,Los Angeles,769.0
1974,Wins,Andy Messersmith,Los Angeles,20.0
1974,Phil Niekro,Atlanta,,
1989,Complete Games,Tim Belcher,Los Angeles,10.0
1989,Bruce Hurst,San Diego,,
1989,ERA,Scott Garrelts,San Francisco,2.28
1989,Games,Mitch Williams,Chicago,76.0
1989,Saves,Mark Davis,San Diego,44.0
1989,Shutouts,Tim Belcher,Los Angeles,8.0
1989,Strikeouts,Jose DeLeon,St. Louis,201.0
1989,Winning Percentage,Mike Bielecki,Chicago,720.0
1989,Wins,Mike Scott,Houston,20.0
1904,Complete Games,Jack Taylor,St. Louis,39.0
1904,Vic Willis,Boston,,
1904,ERA,Joe McGinnity,New York,1.61
1904,Games,Joe McGinnity,New York,51.0
1904,Saves,Joe McGinnity,New York,5.0
1904,Shutouts,Joe McGinnity,New York,9.0
1904,Strikeouts,Christy Mathewson,New York,212.0
1904,Winning Percentage,Joe McGinnity,New York,814.0
1904,Wins,Joe McGinnity,New York,35.0
1977,Complete Games,Phil Niekro,Atlanta,20.0
1977,ERA,JohnCandelaria,Pittsburgh,2.34
1977,Games,Rollie Fingers,San Diego,78.0
1977,Saves,Rollie Fingers,San Diego,35.0
1977,Shutouts,Tom Seaver,New York,7.0
1977,Strikeouts,Phil Niekro,Atlanta,262.0
1977,Winning Percentage,JohnCandelaria,Pittsburgh,800.0
1977,Wins,Steve Carlton,Philadelphia,23.0
1898,Complete Games,Jack Taylor,St. Louis,42.0
1898,ERA,Clark Griffith,Chicago,1.88
1898,Games,Kid Nichols,Boston,50.0
1898,Jack Taylor,St. Louis,,
1898,Saves,Kid Nichols,Boston,4.0
1898,Shutouts,Wiley Piatt,Philadelphia,6.0
1898,Jack Powell,Cleveland,,
1898,Strikeouts,Cy Seymour,New York,239.0
1898,Winning Percentage,Ted Lewis,Boston,765.0
1898,Wins,Kid Nichols,Boston,31.0
1907,Complete Games,Stoney McGlynn,St. Louis,33.0
1907,ERA,Jack Pfiester,Chicago,1.15
1907,Games,Joe McGinnity,New York,47.0
1907,Saves,Joe McGinnity,New York,4.0
1907,Shutouts,Christy Mathewson,New York,8.0
1907,Orval Overall,Chicago,,
1907,Strikeouts,Christy Mathewson,New York,178.0
1907,Winning Percentage,Ed Reulbach,Chicago,810.0
1907,Wins,Christy Mathewson,New York,24.0
1959,Complete Games,Warren Spahn,Milwaukee,21.0
1959,ERA,Sam Jones,San Francisco,2.83
1959,Games,Don Elston,Chicago,65.0
1959,Bill Henry,Chicago,,
1959,Saves,Lindy McDaniel,St. Louis,15.0
1959,Don McMahon,Milwaukee,,
1959,Shutouts,Johnny Antonelli,San Francisco,4.0
1959,Bob Buhl,Milwaukee,,
1959,Lew Burdette,Milwaukee,,
1959,Roger Craig,Los Angeles,,
1959,Don Drysdale,Los Angeles,,
1959,Sam Jones,San Francisco,,
1959,Warren Spahn,Milwaukee,,
1959,Strikeouts,Don Drysdale,Los Angeles,242.0
1959,Winning Percentage,Roy Face,Pittsburgh,947.0
1959,Wins,Lew Burdette,Milwaukee,21.0
1959,Sam Jones,San Francisco,,
1959,Warren Spahn,Milwaukee,,
1929,Complete Games,Red Lucas,Cincinnati,28.0
1929,ERA,Bill Walker,New York,3.09
1929,Games,Guy Bush,Chicago,50.0
1929,Saves,Guy Bush,Chicago,8.0
1929,Johnny Morrison,Brooklyn,,
1929,Shutouts,Pat Malone,Chicago,5.0
1929,Strikeouts,Pat Malone,Chicago,166.0
1929,Winning Percentage,Charlie Root,Chicago,760.0
1929,Wins,Pat Malone,Chicago,22.0
2007,Complete Games,Brandon Webb,Arizona,4.0
2007,ERA,Jake Peavy,San Diego,2.54
2007,Games,Jon Rauch,Washington,88.0
2007,Saves,Jose Valverde,Arizona,47.0
2007,Shutouts,Brandon Webb,Arizona,3.0
2007,Strikeouts,Jake Peavy,San Diego,240.0
2007,Winning Percentage,Brad Penny,Los Angeles,800.0
2007,Wins,Jake Peavy,San Diego,19.0
1935,Complete Games,Dizzy Dean,St. Louis,29.0
1935,ERA,Cy Blanton,Pittsburgh,2.58
1935,Games,Orville Jorgens,Philadelphia,53.0
1935,Saves,Dutch Leonard,Pittsburgh,8.0
1935,Shutouts,Cy Blanton,Pittsburgh,4.0
1935,Freddie Fitzsimmons,New York,,
1935,Larry French,Chicago,,
1935,Van Mungo,Brooklyn,,
1935,Jim Weaver,Pittsburgh,,
1935,Strikeouts,Dizzy Dean,St. Louis,190.0
1935,Winning Percentage,Bill Lee,Chicago,769.0
1935,Wins,Dizzy Dean,St. Louis,28.0
1945,Complete Games,Red Barrett,Boston,24.0
1945,ERA,Hank Borowy,Chicago,2.13
1945,Games,Andy Karl,Philadelphia,67.0
1945,Saves,Ace Adams,New York,15.0
1945,Andy Karl,Philadelphia,,
1945,Shutouts,Claude Passeau,Chicago,5.0
1945,Strikeouts,Preacher Roe,Pittsburgh,148.0
1945,Winning Percentage,Harry Brecheen,St. Louis,789.0
1945,Wins,Red Barrett,Boston,23.0
1884,Complete Games,Old Hoss Radbourn,Providence,73.0
1884,ERA,Old Hoss Radbourn,Providence,1.38
1884,Games,Old Hoss Radbourn,Providence,75.0
1884,Saves,John Morrill,Boston,2.0
1884,Shutouts,Pud Galvin,Buffalo,12.0
1884,Strikeouts,Old Hoss Radbourn,Providence,441.0
1884,Winning Percentage,Old Hoss Radbourn,Providence,831.0
1884,Wins,Old Hoss Radbourn,Providence,59.0
1879,Complete Games,Will White,Cincinnati,75.0
1879,ERA,Tommy Bond,Boston,1.96
1879,Games,Will White,Cincinnati,76.0
1879,Saves,Bobby Mathews,Providence,2.0
1879,Shutouts,Tommy Bond,Boston,11.0
1879,Strikeouts,John Ward,Providence,239.0
1879,Winning Percentage,John Ward,Providence,712.0
1879,Wins,John Ward,Providence,47.0
1996,Complete Games,Curt Schilling,Philadelphia,8.0
1996,ERA,Kevin Brown,Florida,1.89
1996,Games,Brad Clontz,Atlanta,81.0
1996,Saves,Jeff Brantley,Cincinnati,44.0
1996,Todd Worrell,Los Angeles,,
1996,Shutouts,Kevin Brown,Florida,3.0
1996,Strikeouts,John Smoltz,Atlanta,276.0
1996,Winning Percentage,John Smoltz,Atlanta,750.0
1996,Wins,John Smoltz,Atlanta,24.0
1891,Complete Games,Bill Hutchison,Chicago,56.0
1891,ERA,John Ewing,New York,2.27
1891,Games,Bill Hutchison,Chicago,66.0
1891,Saves,John Clarkson,Boston,3.0
1891,Shutouts,Amos Rusie,New York,6.0
1891,Strikeouts,Amos Rusie,New York,337.0
1891,Winning Percentage,John Ewing,New York,724.0
1891,Wins,Bill Hutchison,Chicago,44.0
2020,Complete Games,Trevor Bauer,Cincinnati Reds,2.0
2020,Aaron Nola,Philadelphia Phillies,2,
2020,Adam Wainwright,St. Louis Cardinals,2,
2020,ERA,Trevor Bauer,Cincinnati Reds,1.73
2020,Games,Tyler Rogers,San Francisco Giants,29.0
2020,Saves,Josh Hader,Milwaukee Brewers,13.0
2020,Shutouts,Trevor Bauer,Cincinnati Reds,2.0
2020,Strikeouts,Jacob deGrom,New York Mets,104.0
2020,Winning Percentage,Max Fried,Atlanta Braves,1.0
2020,Wins,Yu Darvish,Chicago Cubs,8.0
1983,Complete Games,Mario Soto,Cincinnati,18.0
1983,ERA,Atlee Hammaker,San Francisco,2.25
1983,Games,Bill Campbell,Chicago,82.0
1983,Saves,Lee Smith,Chicago,29.0
1983,Shutouts,Steve Rogers,Montreal,5.0
1983,Strikeouts,Steve Carlton,Philadelphia,275.0
1983,Winning Percentage,John Denny,Philadelphia,760.0
1983,Wins,John Denny,Philadelphia,19.0
1920,Complete Games,Grover Alexander,Chicago,33.0
1920,ERA,Grover Alexander,Chicago,1.91
1920,Games,Jesse Haines,St. Louis,47.0
1920,Saves,Bill Sherdel,St. Louis,6.0
1920,Shutouts,Babe Adams,Pittsburgh,8.0
1920,Strikeouts,Grover Alexander,Chicago,173.0
1920,Winning Percentage,Burleigh Grimes,Brooklyn,676.0
1920,Wins,Grover Alexander,Chicago,27.0
1950,Complete Games,Vern Bickford,Boston,27.0
1950,ERA,Jim Hearn,St. Louis,2.49
1950,Games,Jim Konstanty,Philadelphia,74.0
1950,Saves,Jim Konstanty,Philadelphia,22.0
1950,Shutouts,Jim Hearn,St. Louis,5.0
1950,Larry Jansen,New York,,
1950,Sal Maglie,New York,,
1950,Robin Roberts,Philadelphia,,
1950,Strikeouts,Warren Spahn,Boston,191.0
1950,Winning Percentage,Sal Maglie,New York,818.0
1950,Wins,Warren Spahn,Boston,21.0
2012,Complete Games,R.A. Dickey,New York,5.0
2012,ERA,Clayton Kershaw,Los Angeles,2.53
2012,Games,Matt Belisle,Colorado,80.0
2012,Shawn Camp,Chicago,,
2012,Randy Choate,Miami / Los Angeles,,
2012,Saves,Craig Kimbrel,Atlanta,42.0
2012,Jason Motte,St. Louis,,
2012,Shutouts,R.A. Dickey,New York,3.0
2012,Strikeouts,R.A. Dickey,New York,230.0
2012,Winning Percentage,Kyle Lohse,St. Louis,842.0
2012,Wins,Gio Gonzalez,Washington,21.0
1962,Complete Games,Warren Spahn,Milwaukee,22.0
1962,ERA,Sandy Koufax,Los Angeles,2.54
1962,Games,RonPerranoski,Los Angeles,70.0
1962,Saves,Roy Face,Pittsburgh,28.0
1962,Shutouts,Bob Friend,Pittsburgh,5.0
1962,Bob Gibson,St. Louis,,
1962,Strikeouts,Don Drysdale,Los Angeles,232.0
1962,Winning Percentage,Bob Purkey,Cincinnati,821.0
1962,Wins,Don Drysdale,Los Angeles,25.0
1912,Complete Games,Larry Cheney,Chicago,28.0
1912,ERA,Jeff Tesreau,New York,1.96
1912,Games,Rube Benton,Cincinnati,50.0
1912,Saves,Slim Sallee,St. Louis,6.0
1912,Shutouts,Marty O'Toole,Pittsburgh,6.0
1912,Nap Rucker,Brooklyn,,
1912,Strikeouts,Grover Alexander,Philadelphia,195.0
1912,Winning Percentage,Claude Hendrix,Pittsburgh,727.0
1912,Wins,Larry Cheney,Chicago,26.0
1912,Rube Marquard,New York,,
1955,Complete Games,Robin Roberts,Philadelphia,26.0
1955,ERA,Bob Friend,Pittsburgh,2.83
1955,Games,Clem Labine,Brooklyn,60.0
1955,Saves,Jack Meyer,Philadelphia,16.0
1955,Shutouts,Joe Nuxhall,Cincinnati,5.0
1955,Strikeouts,Sam Jones,Chicago,198.0
1955,Winning Percentage,Don Newcombe,Brooklyn,800.0
1955,Wins,Robin Roberts,Philadelphia,23.0
1925,Complete Games,Pete Donohue,Cincinnati,27.0
1925,ERA,Dolf Luque,Cincinnati,2.63
1925,Games,Johnny Morrison,Pittsburgh,44.0
1925,Saves,Guy Bush,Chicago,4.0
1925,Johnny Morrison,Pittsburgh,,
1925,Shutouts,Hal Carlson,Philadelphia,4.0
1925,Dolf Luque,Cincinnati,,
1925,Dazzy Vance,Brooklyn,,
1925,Strikeouts,Dazzy Vance,Brooklyn,221.0
1925,Winning Percentage,Bill Sherdel,St. Louis,714.0
1925,Wins,Dazzy Vance,Brooklyn,22.0
1986,Complete Games,Fernando Valenzuela,Los Angeles,20.0
1986,ERA,Mike Scott,Houston,2.22
1986,Games,Craig Lefferts,San Diego,83.0
1986,Saves,Todd Worrell,St. Louis,36.0
1986,Shutouts,Bob Knepper,Houston,5.0
1986,Strikeouts,Mike Scott,Houston,306.0
1986,Winning Percentage,Bob Ojeda,New York,783.0
1986,Wins,Fernando Valenzuela,Los Angeles,21.0
2025,Complete Games,To Be Determined,--,
2025,ERA,To Be Determined,--,
2025,Games,To Be Determined,--,
2025,Saves,To Be Determined,--,
2025,Shutouts,To Be Determined,--,
2025,Strikeouts,To Be Determined,--,
2025,Winning Percentage,To Be Determined,--,
2025,Wins,To Be Determined,--,
1894,Complete Games,Ted Breitenstein,St. Louis,46.0
1894,ERA,Amos Rusie,New York,2.78
1894,Games,Ted Breitenstein,St. Louis,56.0
1894,Saves,Tony Mullane,Baltimore,4.0
1894,Shutouts,Nig Cuppy,Cleveland,3.0
1894,Kid Nichols,Boston,,
1894,Amos Rusie,New York,,
1894,Strikeouts,Amos Rusie,New York,195.0
1894,Winning Percentage,Jouett Meekin,New York,786.0
1894,Wins,Amos Rusie,New York,36.0
1917,Complete Games,Grover Alexander,Philadelphia,34.0
1917,ERA,Fred Anderson,New York,1.44
1917,Games,Phil Douglas,Chicago,51.0
1917,Saves,Slim Sallee,New York,4.0
1917,Shutouts,Grover Alexander,Philadelphia,8.0
1917,Strikeouts,Grover Alexander,Philadelphia,200.0
1917,Winning Percentage,Ferdie Schupp,New York,750.0
1917,Wins,Grover Alexander,Philadelphia,30.0
1888,Complete Games,Ed Morris,Pittsburgh,54.0
1888,ERA,Tim Keefe,New York,1.74
1888,Games,Ed Morris,Pittsburgh,55.0
1888,Saves,George Wood,Philadelphia,2.0
1888,Shutouts,Tim Keefe,New York,8.0
1888,Ben Sanders,Philadelphia,,
1888,Strikeouts,Tim Keefe,New York,335.0
1888,Winning Percentage,Tim Keefe,New York,745.0
1888,Wins,Tim Keefe,New York,35.0
1967,Complete Games,Fergie Jenkins,Chicago,20.0
1967,ERA,Phil Niekro,Atlanta,1.87
1967,Games,Ted Abernathy,Cincinnati,70.0
1967,Ron Perranoski,Los Angeles,,
1967,Saves,Ted Abernathy,Cincinnati,28.0
1967,Shutouts,Jim Bunning,Philadelphia,6.0
1967,Strikeouts,Jim Bunning,Philadelphia,253.0
1967,Winning Percentage,Dick Hughes,St. Louis,727.0
1967,Wins,Mike McCormick,San Francisco,22.0
2017,Complete Games,Carlos Martinez,St. Louis Cardinals,2.0
2017,Ivan Nova,Pittsburgh Pirates,2,
2017,Clayton Richard,San Diego Padres,2,
2017,Max Scherzer,Washington Nationals,2,
2017,ERA,Clayton Kershaw,Los Angeles Dodgers,2.21
2017,Games,Corey Knebel,Milwaukee Brewers,76.0
2017,Saves,Greg Holland,Colorado Rockies,41.0
2017,Kenley Jansen,Los Angeles Dodgers,41,
2017,Shutouts,Carlos Martinez,St. Louis Cardinals,2.0
2017,Strikeouts,Max Scherzer,Washington Nationals,268.0
2017,Winning Percentage,Clayton Kershaw,Los Angeles Dodgers,818.0
2017,Wins,Clayton Kershaw,Los Angeles Dodgers,18.0
1939,Complete Games,Bucky Walters,Cincinnati,31.0
1939,ERA,Bucky Walters,Cincinnati,2.29
1939,Games,Clyde Shoun,St. Louis,53.0
1939,Saves,Bob Bowman,St. Louis,9.0
1939,Clyde Shoun,St. Louis,,
1939,Shutouts,Lou Fette,Boston,6.0
1939,Strikeouts,Claude Passeau,Philadelphia,137.0
1939,Bucky Walters,Cincinnati,,
1939,Winning Percentage,Paul Derringer,Cincinnati,781.0
1939,Wins,Bucky Walters,Cincinnati,27.0
1949,Complete Games,Warren Spahn,Boston,25.0
1949,ERA,Dave Koslo,New York,2.5
1949,Games,Ted Wilks,St. Louis,59.0
1949,Saves,Ted Wilks,St. Louis,9.0
1949,Shutouts,Ken Heintzelman,Philadelphia,5.0
1949,Don Newcombe,Brooklyn,,
1949,Howie Pollet,St. Louis,,
1949,Ken Raffensberger,Cincinnati,,
1949,Strikeouts,Warren Spahn,Boston,151.0
1949,Winning Percentage,Preacher Roe,Brooklyn,714.0
1949,Wins,Warren Spahn,Boston,21.0
2002,Complete Games,Randy Johnson,Arizona,8.0
2002,ERA,Randy Johnson,Arizona,2.32
2002,Games,Paul Quantrill,Los Angeles,86.0
2002,Saves,John Smoltz,Atlanta,55.0
2002,Shutouts,A.J. Burnett,Florida,5.0
2002,Strikeouts,Randy Johnson,Arizona,334.0
2002,Winning Percentage,Randy Johnson,Arizona,828.0
2002,Wins,Randy Johnson,Arizona,24.0
1902,Complete Games,Vic Willis,Boston,45.0
1902,ERA,Jack Taylor,Chicago,1.33
1902,Games,Vic Willis,Boston,51.0
1902,Saves,Vic Willis,Boston,3.0
1902,Shutouts,Jack Chesbro,Pittsburgh,8.0
1902,Christy Mathewson,New York,,
1902,Strikeouts,Vic Willis,Boston,225.0
1902,Winning Percentage,Jack Chesbro,Pittsburgh,824.0
1902,Wins,Jack Chesbro,Pittsburgh,28.0
1972,Complete Games,Steve Carlton,Philadelphia,30.0
1972,ERA,Steve Carlton,Philadelphia,1.97
1972,Games,Clay Carroll,Cincinnati,65.0
1972,Mike Marshall,Montreal,,
1972,Saves,Clay Carroll,Cincinnati,37.0
1972,Shutouts,Don Sutton,Los Angeles,9.0
1972,Strikeouts,Steve Carlton,Philadelphia,310.0
1972,Winning Percentage,Gary Nolan,Cincinnati,750.0
1972,Wins,Steve Carlton,Philadelphia,27.0
1993,Complete Games,Greg Maddux,Atlanta,8.0
1993,ERA,Greg Maddux,Atlanta,2.36
1993,Games,Mike Jackson,San Francisco,81.0
1993,Saves,Randy Myers,Chicago,53.0
1993,Shutouts,Pete Harnisch,Houston,4.0
1993,Strikeouts,Jose Rijo,Cincinnati,227.0
1993,Winning Percentage,Mark Portugal,Houston,818.0
1993,Wins,John Burkett,San Francisco,22.0
1993,Tom Glavine,Atlanta,,
1881,Complete Games,Jim McCormick,Cleveland,57.0
1881,Jim Whitney,Boston,,
1881,ERA,Stump Wiedman,Detroit,1.8
1881,Games,Jim Whitney,Boston,66.0
1881,Saves,Bobby Mathews,Providence,2.0
1881,Shutouts,George Derby,Detroit,9.0
1881,Strikeouts,George Derby,Detroit,212.0
1881,Winning Percentage,Old Hoss Radbourn,Providence,694.0
1881,Wins,Larry Corcoran,Chicago,31.0
1881,Jim Whitney,Boston,,
1940,Complete Games,Bucky Walters,Cincinnati,29.0
1940,ERA,Bucky Walters,Cincinnati,2.48
1940,Games,Clyde Shoun,St. Louis,54.0
1940,Saves,Joe Beggs,Cincinnati,7.0
1940,Jumbo Brown,New York,,
1940,Mace Brown,Pittsburgh,,
1940,Shutouts,Manny Salvo,Boston,5.0
1940,Whit Wyatt,Brooklyn,,
1940,Strikeouts,Kirby Higbe,Philadelphia,137.0
1940,Winning Percentage,Freddie Fitzsimmons,Brooklyn,889.0
1940,Wins,Bucky Walters,Cincinnati,22.0
1930,Complete Games,Erv Brame,Pittsburgh,22.0
1930,Pat Malone,Chicago,,
1930,ERA,Dazzy Vance,Brooklyn,2.61
1930,Games,Hal Elliott,Philadelphia,48.0
1930,Saves,Hi Bell,St. Louis,8.0
1930,Shutouts,Charlie Root,Chicago,4.0
1930,Dazzy Vance,Brooklyn,,
1930,Strikeouts,Bill Hallahan,St. Louis,177.0
1930,Winning Percentage,Freddie Fitzsimmons,New York,731.0
1930,Wins,Ray Kremer,Pittsburgh,20.0
1930,Pat Malone,Chicago,,
