Year,Team,Wins,Losses,Ties,WP,GB,Payroll
1937,Team [Click for roster],,,,GB,,
1937,New York Giants,95.0,57.0,625.0,0,,
1937,Chicago Cubs,93.0,61.0,604.0,3,,
1937,Pittsburgh Pirates,86.0,68.0,558.0,10,,
1937,St. Louis Cardinals,81.0,73.0,526.0,15,,
1937,Boston Bees,79.0,73.0,520.0,16,,
1937,Brooklyn Dodgers,62.0,91.0,405.0,33½,,
1937,Philadelphia Phillies,61.0,92.0,399.0,34½,,
1937,Cincinnati Reds,56.0,98.0,364.0,40,,
2019,East,,,,T,WP,GB
2019,Atlanta Braves,97.0,65.0,0.0,.599,--,"""$113"
2019,Washington Nationals,93.0,69.0,0.0,.574,4.0,"""$161"
2019,New York Mets,86.0,76.0,0.0,.531,11.0,"""$158"
2019,Philadelphia Phillies,81.0,81.0,0.0,.500,16.0,"""$140"
2019,Miami Marlins,57.0,105.0,0.0,.352,40.0,"""$72"
2019,Central,,,,T,WP,GB
2019,St. Louis Cardinals,91.0,71.0,0.0,.562,--,"""$162"
2019,Milwaukee Brewers,89.0,73.0,0.0,.549,2.0,"""$124"
2019,Chicago Cubs,84.0,78.0,0.0,.519,7.0,"""$210"
2019,Cincinnati Reds,75.0,87.0,0.0,.463,16.0,"""$126"
2019,Pittsburgh Pirates,69.0,93.0,0.0,.426,22.0,"""$76"
2019,West,,,,T,WP,GB
2019,Los Angeles Dodgers,106.0,56.0,0.0,.654,--,"""$196"
2019,Arizona Diamondbacks,85.0,77.0,0.0,.525,21.0,"""$123"
2019,San Francisco Giants,77.0,85.0,0.0,.475,29.0,"""$178"
2019,Colorado Rockies,71.0,91.0,0.0,.438,35.0,"""$147"
2019,San Diego Padres,70.0,92.0,0.0,.432,36.0,"""$99"
1947,Team [Click for roster],,,,GB,,
1947,Brooklyn Dodgers,94.0,60.0,610.0,0,,
1947,St. Louis Cardinals,89.0,65.0,578.0,5,,
1947,Boston Braves,86.0,68.0,558.0,8,,
1947,New York Giants,81.0,73.0,526.0,13,,
1947,Cincinnati Reds,73.0,81.0,474.0,21,,
1947,Chicago Cubs,69.0,85.0,448.0,25,,
1947,Philadelphia Phillies,62.0,92.0,403.0,32,,
1947,Pittsburgh Pirates,62.0,92.0,403.0,32,,
1886,Team | Roster,,,,GB,,
1886,Chicago White Stockings,90.0,34.0,726.0,0,,
1886,Detroit Wolverines,87.0,36.0,707.0,2½,,
1886,New York Giants,75.0,44.0,630.0,12½,,
1886,Philadelphia Phillies,71.0,43.0,623.0,14,,
1886,Boston Beaneaters,56.0,61.0,479.0,30½,,
1886,St. Louis Maroons,43.0,79.0,352.0,46,,
1886,Kansas City Cowboys,30.0,91.0,248.0,58½,,
1886,Washington Senators,28.0,92.0,233.0,60,,
1886,Team | Roster,,,,GB,,
1919,Team | Roster,,,,GB,,
1919,Cincinnati Reds,96.0,44.0,686.0,0,,
1919,New York Giants,87.0,53.0,621.0,9,,
1919,Chicago Cubs,75.0,65.0,536.0,21,,
1919,Pittsburgh Pirates,71.0,68.0,511.0,24½,,
1919,Brooklyn Robins,69.0,71.0,493.0,27,,
1919,Boston Braves,57.0,82.0,410.0,38½,,
1919,St. Louis Cardinals,54.0,83.0,394.0,40½,,
1919,Philadelphia Phillies,47.0,90.0,343.0,47½,,
1919,Team | Roster,,,,GB,,
1994,East,,,,WP,GB,Payroll
1994,Montreal Expos,74.0,40.0,649.0,0,"""$18",771
1994,Atlanta Braves,68.0,46.0,596.0,6,"""$44",100
1994,New York Mets,55.0,58.0,487.0,18½,"""$30",903
1994,Philadelphia Phillies,54.0,61.0,470.0,20½,"""$31",143
1994,Florida Marlins,51.0,64.0,443.0,23½,"""$19",524
1994,Central,,,,WP,GB,Payroll
1994,Cincinnati Reds,66.0,48.0,579.0,0,"""$41",458
1994,Houston Astros,66.0,49.0,574.0,½,"""$33",092
1994,St. Louis Cardinals,53.0,61.0,465.0,13,"""$29",622
1994,Pittsburgh Pirates,53.0,61.0,465.0,13,"""$21",503
1994,Chicago Cubs,49.0,64.0,434.0,16½,"""$32",456
1994,West,,,,WP,GB,Payroll
1994,Los Angeles Dodgers,58.0,56.0,509.0,0,"""$38",837
1994,San Francisco Giants,55.0,60.0,478.0,3½,"""$42",260
1994,Colorado Rockies,53.0,64.0,453.0,6½,"""$23",654
1994,San Diego Padres,47.0,70.0,402.0,12½,"""$13",774
1969,East,,,,WP,GB,
1969,New York Mets,100.0,62.0,617.0,0,,
1969,Chicago Cubs,92.0,70.0,568.0,8,,
1969,Pittsburgh Pirates,88.0,74.0,543.0,12,,
1969,St. Louis Cardinals,87.0,75.0,537.0,13,,
1969,Philadelphia Phillies,63.0,99.0,389.0,37,,
1969,Montreal Expos,52.0,110.0,321.0,48,,
1969,West,,,,WP,GB,
1969,Atlanta Braves,93.0,69.0,574.0,0,,
1969,San Francisco Giants,90.0,72.0,556.0,3,,
1969,Cincinnati Reds,89.0,73.0,549.0,4,,
1969,Los Angeles Dodgers,85.0,77.0,525.0,8,,
1969,Houston Astros,81.0,81.0,500.0,12,,
1969,San Diego Padres,52.0,110.0,321.0,41,,
1969,N.L.,,,,WP,GB,
1975,East,,,,WP,GB,
1975,Pittsburgh Pirates,92.0,69.0,571.0,0,,
1975,Philadelphia Phillies,86.0,76.0,531.0,6½,,
1975,New York Mets,82.0,80.0,506.0,10½,,
1975,St. Louis Cardinals,82.0,80.0,506.0,10½,,
1975,Montreal Expos,75.0,87.0,463.0,17½,,
1975,Chicago Cubs,75.0,87.0,463.0,17½,,
1975,West,,,,WP,GB,
1975,Cincinnati Reds,108.0,54.0,667.0,0,,
1975,Los Angeles Dodgers,88.0,74.0,543.0,20,,
1975,San Francisco Giants,80.0,81.0,497.0,27½,,
1975,San Diego Padres,71.0,91.0,438.0,37,,
1975,Atlanta Braves,67.0,94.0,416.0,40½,,
1975,Houston Astros,64.0,97.0,398.0,43½,,
1975,N.L.,,,,WP,GB,
1988,East,,,,WP,GB,Payroll
1988,New York Mets,100.0,60.0,625.0,0,"""$15",452
1988,Pittsburgh Pirates,85.0,75.0,531.0,15,"""$8",647
1988,Montreal Expos,81.0,81.0,500.0,20,"""$9",452
1988,Chicago Cubs,77.0,86.0,475.0,24,"""$12",849
1988,St. Louis Cardinals,76.0,86.0,469.0,25,"""$14",027
1988,Philadelphia Phillies,65.0,96.0,404.0,35½,"""$13",248
1988,West,,,,WP,GB,Payroll
1988,Los Angeles Dodgers,94.0,67.0,584.0,0,"""$16",412
1988,Cincinnati Reds,87.0,74.0,540.0,7,"""$9",998
1988,San Diego Padres,83.0,78.0,516.0,11,"""$10",978
1988,San Francisco Giants,83.0,79.0,512.0,11½,"""$12",332
1988,Houston Astros,82.0,80.0,506.0,12½,"""$13",565
1988,Atlanta Braves,54.0,106.0,338.0,39½,"""$12",634
1905,Team [Click for roster],,,,GB,,
1905,New York Giants,105.0,48.0,686.0,0,,
1905,Pittsburgh Pirates,96.0,57.0,627.0,9,,
1905,Chicago Cubs,92.0,61.0,601.0,13,,
1905,Philadelphia Phillies,83.0,69.0,546.0,21½,,
1905,Cincinnati Reds,79.0,74.0,516.0,26,,
1905,St. Louis Cardinals,58.0,96.0,377.0,47½,,
1905,Boston Beaneaters,51.0,103.0,331.0,54½,,
1905,Brooklyn Superbas,48.0,104.0,316.0,56½,,
2005,East,,,,Ties,WP,GB
2005,Atlanta Braves,90.0,72.0,0.0,.556,--,"""$86"
2005,Philadelphia Phillies,88.0,74.0,0.0,.543,2,"""$95"
2005,Florida Marlins,83.0,79.0,0.0,.512,7,"""$60"
2005,New York Mets,83.0,79.0,0.0,.512,7,"""$101"
2005,Washington Nationals,81.0,81.0,0.0,.500,9,"""$48"
2005,Central,,,,Ties,WP,GB
2005,St. Louis Cardinals,100.0,62.0,0.0,.617,--,"""$92"
2005,Houston Astros,89.0,73.0,0.0,.549,11,"""$76"
2005,Milwaukee Brewers,81.0,81.0,0.0,.500,19,"""$39"
2005,Chicago Cubs,79.0,83.0,0.0,.488,21,"""$87"
2005,Cincinnati Reds,73.0,89.0,0.0,.451,27,"""$61"
2005,Pittsburgh Pirates,67.0,95.0,0.0,.414,33,"""$38"
2005,West,,,,Ties,WP,GB
2005,San Diego Padres,82.0,80.0,0.0,.506,--,"""$63"
2005,Arizona Diamondbacks,77.0,85.0,0.0,.475,5,"""$62"
2005,San Francisco Giants,75.0,87.0,0.0,.463,7,"""$90"
2005,Los Angeles Dodgers,71.0,91.0,0.0,.438,11,"""$83"
2005,Colorado Rockies,67.0,95.0,0.0,.414,15,"""$48"
2010,East,,,,Ties,WP,GB
2010,Philadelphia Phillies,97.0,65.0,0.0,.599,--,"""$141"
2010,Atlanta Braves,91.0,71.0,0.0,.562,6,"""$84"
2010,Florida Marlins,80.0,82.0,0.0,.494,17,"""$55"
2010,New York Mets,79.0,83.0,0.0,.488,18,"""$132"
2010,Washington Nationals,69.0,93.0,0.0,.426,28,"""$61"
2010,Central,,,,Ties,WP,GB
2010,Cincinnati Reds,91.0,71.0,0.0,.562,--,"""$72"
2010,St. Louis Cardinals,86.0,76.0,0.0,.531,5,"""$93"
2010,Milwaukee Brewers,77.0,85.0,0.0,.475,14,"""$81"
2010,Houston Astros,76.0,86.0,0.0,.469,15,"""$92"
2010,Chicago Cubs,75.0,87.0,0.0,.463,16,"""$146"
2010,Pittsburgh Pirates,57.0,105.0,0.0,.352,34,"""$34"
2010,West,,,,Ties,WP,GB
2010,San Francisco Giants,92.0,70.0,0.0,.568,--,"""$97"
2010,San Diego Padres,90.0,72.0,0.0,.556,2,"""$37"
2010,Colorado Rockies,83.0,79.0,0.0,.512,9,"""$84"
2010,Los Angeles Dodgers,80.0,82.0,0.0,.494,12,"""$94"
2010,Arizona Diamondbacks,65.0,97.0,0.0,.401,27,"""$60"
1960,Team [Click for roster],,,,GB,,
1960,Pittsburgh Pirates,95.0,59.0,617.0,0,,
1960,Milwaukee Braves,88.0,66.0,571.0,7,,
1960,St. Louis Cardinals,86.0,68.0,558.0,9,,
1960,Los Angeles Dodgers,82.0,72.0,532.0,13,,
1960,San Francisco Giants,79.0,75.0,513.0,16,,
1960,Cincinnati Reds,67.0,87.0,435.0,28,,
1960,Chicago Cubs,60.0,94.0,390.0,35,,
1960,Philadelphia Phillies,59.0,95.0,383.0,36,,
1910,Team | Roster,,,,GB,,
1910,Chicago Cubs,104.0,50.0,675.0,0,,
1910,New York Giants,91.0,63.0,591.0,13,,
1910,Pittsburgh Pirates,86.0,67.0,562.0,17½,,
1910,Philadelphia Phillies,78.0,75.0,510.0,25½,,
1910,Cincinnati Reds,75.0,79.0,487.0,29,,
1910,Brooklyn Superbas,64.0,90.0,416.0,40,,
1910,St. Louis Cardinals,63.0,90.0,412.0,40½,,
1910,Boston Doves,53.0,100.0,346.0,50½,,
1910,Team | Roster,,,,GB,,
2022,East,,,,T,WP,GB
2022,Atlanta Braves,101.0,61.0,0.0,.623,-,
2022,New York Mets,101.0,61.0,0.0,.623,-,
2022,Philadelphia Phillies,87.0,75.0,0.0,.537,14.0,
2022,Miami Marlins,69.0,93.0,0.0,.426,32.0,
2022,Washington Nationals,55.0,107.0,0.0,.340,46.0,
2022,Central,,,,T,WP,GB
2022,St. Louis Cardinals,93.0,69.0,0.0,.574,-,
2022,Milwaukee Brewers,86.0,76.0,0.0,.531,7.0,
2022,Chicago Cubs,74.0,88.0,0.0,.457,19.0,
2022,Cincinnati Reds,62.0,100.0,0.0,.383,31.0,
2022,Pittsburgh Pirates,62.0,100.0,0.0,.383,31.0,
2022,West,,,,T,WP,GB
2022,Los Angeles Dodgers,111.0,51.0,0.0,.685,-,
2022,San Diego Padres,89.0,73.0,0.0,.549,22.0,
2022,San Francisco Giants,81.0,81.0,0.0,.500,30.0,
2022,Arizona Diamondbacks,74.0,88.0,0.0,.457,37.0,
2022,Colorado Rockies,68.0,94.0,0.0,.420,43.0,
2022,N.L.,,,,T,WP,GB
1893,Team | Roster,,,,GB,,
1893,Boston Beaneaters,86.0,43.0,667.0,0,,
1893,Pittsburgh Pirates,81.0,48.0,628.0,5,,
1893,Cleveland Spiders,73.0,55.0,570.0,12½,,
1893,Philadelphia Phillies,72.0,57.0,558.0,14,,
1893,New York Giants,68.0,64.0,515.0,19½,,
1893,Cincinnati Reds,65.0,63.0,508.0,20½,,
1893,Brooklyn Bridegrooms,65.0,63.0,508.0,20½,,
1893,Baltimore Orioles,60.0,70.0,462.0,26½,,
1893,Chicago Colts,56.0,71.0,441.0,29,,
1893,St. Louis Browns,57.0,75.0,432.0,30½,,
1893,Louisville Colonels,50.0,75.0,400.0,34,,
1893,Washington Senators,40.0,89.0,310.0,46,,
1893,Team | Roster,,,,GB,,
1981,East,,,,Losses,WP,GB
1981,St. Louis Cardinals,,59.0,43.0,.578,0,
1981,1st Half,30.0,20.0,600.0,1½,,
1981,2nd Half,29.0,23.0,558.0,½,,
1981,Montreal Expos,,60.0,48.0,.556,2,
1981,1st Half,30.0,25.0,545.0,4,,
1981,2nd Half,30.0,23.0,566.0,0,,
1981,Philadelphia Phillies,,59.0,48.0,.551,2½,
1981,1st Half,34.0,21.0,618.0,0,,
1981,2nd Half,25.0,27.0,481.0,4½,,
1981,Pittsburgh Pirates,,46.0,56.0,.451,13,
1981,1st Half,25.0,23.0,521.0,5½,,
1981,2nd Half,21.0,33.0,389.0,9½,,
1981,New York Mets,,41.0,62.0,.398,18½,
1981,1st Half,17.0,34.0,333.0,15,,
1981,2nd Half,24.0,28.0,462.0,5½,,
1981,Chicago Cubs,,38.0,65.0,.369,21½,
1981,1st Half,15.0,37.0,288.0,17½,,
1981,2nd Half,23.0,28.0,451.0,6,,
1981,West,,,,Losses,WP,GB
1981,Cincinnati Reds,,66.0,42.0,.611,0,
1981,1st Half,35.0,21.0,632.0,½,,
1981,2nd Half,31.0,21.0,596.0,1½,,
1981,Los Angeles Dodgers,,63.0,47.0,.573,4,
1981,1st Half,36.0,21.0,632.0,0,,
1981,2nd Half,27.0,26.0,509.0,6,,
1981,Houston Astros,,61.0,49.0,.555,6,
1981,1st Half,28.0,29.0,491.0,8,,
1981,2nd Half,33.0,20.0,623.0,0,,
1981,San Francisco Giants,,56.0,55.0,.505,11½,
1981,1st Half,27.0,32.0,458.0,10,,
1981,2nd Half,29.0,23.0,558.0,3½,,
1981,Atlanta Braves,,50.0,56.0,.472,15,
1981,1st Half,25.0,29.0,463.0,9½,,
1981,2nd Half,25.0,27.0,481.0,7½,,
1981,San Diego Padres,,41.0,69.0,.373,26,
1981,1st Half,23.0,33.0,458.0,10,,
1981,2nd Half,18.0,36.0,333.0,15½,,
1981,N.L.,,,,Losses,WP,GB
1922,Team | Roster,,,,GB,,
1922,New York Giants,93.0,61.0,604.0,0,,
1922,Cincinnati Reds,86.0,68.0,558.0,7,,
1922,St. Louis Cardinals,85.0,69.0,552.0,8,,
1922,Pittsburgh Pirates,85.0,69.0,552.0,8,,
1922,Chicago Cubs,80.0,74.0,519.0,13,,
1922,Brooklyn Robins,76.0,78.0,494.0,17,,
1922,Philadelphia Phillies,57.0,96.0,373.0,35½,,
1922,Boston Braves,53.0,100.0,346.0,39½,,
1922,Team | Roster,,,,GB,,
1952,Team [Click for roster],,,,GB,,
1952,Brooklyn Dodgers,96.0,57.0,627.0,0,,
1952,New York Giants,92.0,62.0,597.0,4½,,
1952,St. Louis Cardinals,88.0,66.0,571.0,8½,,
1952,Philadelphia Phillies,87.0,67.0,565.0,9½,,
1952,Chicago Cubs,77.0,77.0,500.0,19½,,
1952,Cincinnati Reds,69.0,85.0,448.0,27½,,
1952,Boston Braves,64.0,89.0,418.0,32,,
1952,Pittsburgh Pirates,42.0,112.0,273.0,54½,,
1877,Team | Roster,,,,GB,,
1877,Boston Red Caps,42.0,18.0,700.0,0,,
1877,Louisville Grays,35.0,25.0,583.0,7,,
1877,Hartford Dark Blues,31.0,27.0,534.0,10,,
1877,St. Louis Brown Stockings,28.0,32.0,467.0,14,,
1877,Chicago White Stockings,26.0,33.0,441.0,15½,,
1877,Cincinnati Reds,15.0,42.0,263.0,25½,,
1877,Team | Roster,,,,GB,,
1915,Team | Roster,,,,GB,,
1915,Philadelphia Phillies,90.0,62.0,592.0,0,,
1915,Boston Braves,83.0,69.0,546.0,7,,
1915,Brooklyn Robins,80.0,72.0,526.0,10,,
1915,Chicago Cubs,73.0,80.0,477.0,17½,,
1915,Pittsburgh Pirates,73.0,81.0,474.0,18,,
1915,St. Louis Cardinals,72.0,81.0,471.0,18½,,
1915,Cincinnati Reds,71.0,83.0,461.0,20,,
1915,New York Giants,69.0,83.0,454.0,21,,
1915,Team | Roster,,,,GB,,
1998,East,,,,WP,GB,Payroll
1998,Atlanta Braves,106.0,56.0,654.0,0,"""$61",840
1998,New York Mets,88.0,74.0,543.0,18,"""$58",660
1998,Philadelphia Phillies,75.0,87.0,463.0,31,"""$29",922
1998,Montreal Expos,65.0,97.0,401.0,41,"""$8",317
1998,Florida Marlins,54.0,108.0,333.0,52,"""$19",141
1998,Central,,,,WP,GB,Payroll
1998,Houston Astros,102.0,60.0,630.0,0,"""$48",354
1998,Chicago Cubs,90.0,73.0,552.0,12½,"""$51",061
1998,St. Louis Cardinals,83.0,79.0,512.0,19,"""$47",608
1998,Cincinnati Reds,77.0,85.0,475.0,25,"""$20",707
1998,Milwaukee Brewers,74.0,88.0,457.0,28,"""$36",854
1998,Pittsburgh Pirates,69.0,93.0,426.0,29½,"""$13",695
1998,West,,,,WP,GB,Payroll
1998,San Diego Padres,98.0,64.0,605.0,0,"""$53",081
1998,San Francisco Giants,89.0,74.0,546.0,9½,"""$47",939
1998,Los Angeles Dodgers,83.0,79.0,512.0,15,"""$60",731
1998,Colorado Rockies,77.0,85.0,475.0,21,"""$47",959
1998,Arizona Diamondbacks,65.0,97.0,401.0,33,"""$32",814
1965,Team | Roster,,,,GB,,
1965,Los Angeles Dodgers,97.0,65.0,599.0,0,,
1965,San Francisco Giants,95.0,67.0,586.0,2,,
1965,Pittsburgh Pirates,90.0,72.0,556.0,7,,
1965,Cincinnati Reds,89.0,73.0,549.0,8,,
1965,Milwaukee Braves,86.0,76.0,531.0,11,,
1965,Philadelphia Phillies,85.0,76.0,528.0,11½,,
1965,St. Louis Cardinals,80.0,81.0,497.0,16½,,
1965,Chicago Cubs,72.0,90.0,444.0,25,,
1965,Houston Astros,65.0,97.0,401.0,32,,
1965,New York Mets,50.0,112.0,309.0,47,,
1965,Team | Roster,,,,GB,,
2015,East,,,,Ties,WP,GB
2015,New York Mets,90.0,72.0,0.0,.556,--,
2015,Washington Nationals,83.0,79.0,0.0,.512,7,
2015,Miami Marlins,71.0,91.0,0.0,.438,19,
2015,Atlanta Braves,67.0,95.0,0.0,.414,23,
2015,Philadelphia Phillies,63.0,99.0,0.0,.389,27,
2015,Central,,,,Ties,WP,GB
2015,St. Louis Cardinals,100.0,62.0,0.0,.617,--,
2015,Pittsburgh Pirates,98.0,64.0,0.0,.605,0,
2015,Chicago Cubs,97.0,65.0,0.0,.599,3,
2015,Milwaukee Brewers,68.0,94.0,0.0,.420,32,
2015,Cincinnati Reds,64.0,98.0,0.0,.395,36,
2015,West,,,,Ties,WP,GB
2015,Los Angeles Dodgers,92.0,70.0,0.0,.568,--,
2015,San Francisco Giants,84.0,78.0,0.0,.519,8,
2015,Arizona Diamondbacks,79.0,83.0,0.0,.488,13,
2015,San Diego Padres,74.0,88.0,0.0,.457,18,
2015,Colorado Rockies,68.0,94.0,0.0,.420,24,
1957,Team [Click for roster],,,,GB,,
1957,Milwaukee Braves,95.0,59.0,617.0,0,,
1957,St. Louis Cardinals,87.0,67.0,565.0,8,,
1957,Brooklyn Dodgers,84.0,70.0,545.0,11,,
1957,Cincinnati Redlegs,80.0,74.0,519.0,15,,
1957,Philadelphia Phillies,77.0,77.0,500.0,18,,
1957,New York Giants,69.0,85.0,448.0,26,,
1957,Pittsburgh Pirates,62.0,92.0,403.0,33,,
1957,Chicago Cubs,62.0,92.0,403.0,33,,
2009,East,,,,Ties,WP,GB
2009,Philadelphia Phillies,93.0,69.0,0.0,.574,--,"""$113"
2009,Florida Marlins,87.0,75.0,0.0,.537,6,"""$36"
2009,Atlanta Braves,86.0,76.0,0.0,.531,7,"""$96"
2009,New York Mets,70.0,92.0,0.0,.432,23,"""$149"
2009,Washington Nationals,59.0,103.0,0.0,.364,34,"""$60"
2009,Central,,,,Ties,WP,GB
2009,St. Louis Cardinals,91.0,71.0,0.0,.562,--,"""$77"
2009,Chicago Cubs,83.0,78.0,0.0,.516,7½,"""$134"
2009,Milwaukee Brewers,80.0,82.0,0.0,.494,11,"""$80"
2009,Cincinnati Reds,78.0,84.0,0.0,.481,13,"""$73"
2009,Houston Astros,74.0,88.0,0.0,.457,17,"""$102"
2009,Pittsburgh Pirates,62.0,99.0,0.0,.385,28½,"""$48"
2009,West,,,,Ties,WP,GB
2009,Los Angeles Dodgers,95.0,67.0,0.0,.586,--,"""$100"
2009,Colorado Rockies,92.0,70.0,0.0,.568,3,"""$75"
2009,San Francisco Giants,88.0,74.0,0.0,.543,7,"""$82"
2009,San Diego Padres,75.0,87.0,0.0,.463,20,"""$43"
2009,Arizona Diamondbacks,70.0,92.0,0.0,.432,25,"""$73"
1927,Team | Roster,,,,GB,,
1927,Pittsburgh Pirates,94.0,60.0,610.0,0,,
1927,St.Louis Cardinals,92.0,61.0,601.0,1½,,
1927,New York Giants,92.0,62.0,597.0,2,,
1927,Chicago Cubs,85.0,68.0,556.0,8½,,
1927,Cincinnati Reds,75.0,78.0,490.0,18½,,
1927,Brooklyn Robins,65.0,88.0,425.0,28½,,
1927,Boston Braves,60.0,94.0,390.0,34,,
1927,Philadelphia Phillies,51.0,103.0,331.0,43,,
1927,Team | Roster,,,,GB,,
1979,East,,,,WP,GB,
1979,Pittsburgh Pirates,98.0,64.0,605.0,0,,
1979,Montreal Expos,95.0,65.0,594.0,2,,
1979,St. Louis Cardinals,86.0,76.0,531.0,12,,
1979,Philadelphia Phillies,84.0,78.0,519.0,14,,
1979,Chicago Cubs,80.0,82.0,494.0,18,,
1979,New York Mets,63.0,99.0,389.0,35,,
1979,West,,,,WP,GB,
1979,Cincinnati Reds,90.0,71.0,559.0,0,,
1979,Houston Astros,89.0,73.0,549.0,1½,,
1979,Los Angeles Dodgers,79.0,83.0,488.0,11½,,
1979,San Francisco Giants,71.0,91.0,438.0,19½,,
1979,San Diego Padres,68.0,93.0,422.0,22,,
1979,Atlanta Braves,66.0,94.0,413.0,23½,,
1979,N.L.,,,,WP,GB,
1984,East,,,,WP,GB,
1984,Chicago Cubs,96.0,65.0,596.0,0,,
1984,New York Mets,90.0,72.0,556.0,6½,,
1984,St. Louis Cardinals,84.0,78.0,519.0,12½,,
1984,Philadelphia Phillies,81.0,81.0,500.0,15½,,
1984,Montreal Expos,78.0,83.0,484.0,18,,
1984,Pittsburgh Pirates,75.0,87.0,463.0,21½,,
1984,West,,,,WP,GB,
1984,San Diego Padres,92.0,70.0,568.0,0,,
1984,Houston Astros,80.0,82.0,494.0,12,,
1984,Atlanta Braves,80.0,82.0,494.0,12,,
1984,Los Angeles Dodgers,79.0,83.0,488.0,13,,
1984,Cincinnati Reds,70.0,92.0,432.0,22,,
1984,San Francisco Giants,66.0,96.0,407.0,26,,
1984,N.L.,,,,WP,GB,
1909,Team | Roster,,,,GB,,
1909,Pittsburgh Pirates,110.0,42.0,724.0,0,,
1909,Chicago Cubs,104.0,49.0,680.0,6½,,
1909,New York Giants,92.0,61.0,601.0,18½,,
1909,Cincinnati Reds,77.0,76.0,503.0,33½,,
1909,Philadelphia Phillies,74.0,79.0,484.0,36½,,
1909,Brooklyn Superbas,55.0,98.0,359.0,55½,,
1909,St. Louis Cardinals,54.0,98.0,355.0,56,,
1909,Boston Doves,45.0,108.0,294.0,65½,,
1909,Team | Roster,,,,GB,,
1896,Team | Roster,,,,GB,,
1896,Baltimore Orioles,90.0,39.0,698.0,0,,
1896,Cleveland Spiders,80.0,48.0,625.0,9½,,
1896,Cincinnati Reds,77.0,50.0,606.0,12,,
1896,Boston Beaneaters,74.0,57.0,565.0,17,,
1896,Chicago Colts,71.0,57.0,555.0,18½,,
1896,Pittsburgh Pirates,66.0,63.0,512.0,24,,
1896,New York Giants,64.0,67.0,489.0,27,,
1896,Philadelphia Phillies,62.0,68.0,477.0,28½,,
1896,Washington Senators,58.0,73.0,443.0,33,,
1896,Brooklyn Bridegrooms,58.0,73.0,443.0,33,,
1896,St. Louis Browns,40.0,90.0,308.0,50½,,
1896,Louisville Colonels,38.0,93.0,290.0,53,,
1896,Team | Roster,,,,GB,,
1991,East,,,,WP,GB,Payroll
1991,Pittsburgh Pirates,98.0,64.0,605.0,0,"""$25",288
1991,St. Louis Cardinals,84.0,78.0,519.0,14,"""$22",327
1991,Philadelphia Phillies,78.0,84.0,481.0,20,"""$20",414
1991,Chicago Cubs,77.0,83.0,481.0,20,"""$26",568
1991,New York Mets,77.0,84.0,478.0,20½,"""$32",417
1991,Montreal Expos,71.0,90.0,441.0,26½,"""$16",702
1991,West,,,,WP,GB,Payroll
1991,Atlanta Braves,94.0,68.0,580.0,0,"""$21",223
1991,Los Angeles Dodgers,93.0,69.0,574.0,1,"""$35",557
1991,San Diego Padres,84.0,78.0,519.0,10,"""$23",323
1991,San Francisco Giants,75.0,87.0,463.0,19,"""$32",111
1991,Cincinnati Reds,74.0,88.0,457.0,20,"""$26",224
1991,Houston Astros,65.0,97.0,401.0,29,"""$12",009
1991,N.L.,,,,WP,GB,Payroll
1883,Team | Roster,,,,GB,,
1883,Boston Beaneaters,63.0,35.0,643.0,0,,
1883,Chicago White Stockings,59.0,39.0,602.0,4,,
1883,Providence Grays,58.0,40.0,592.0,5,,
1883,Cleveland Blues,55.0,42.0,567.0,7½,,
1883,Buffalo Bisons,52.0,45.0,536.0,10½,,
1883,New York Gothams,46.0,50.0,479.0,16,,
1883,Detroit Wolverines,40.0,58.0,408.0,23,,
1883,Philadelphia Phillies,17.0,81.0,173.0,46,,
1883,Team | Roster,,,,GB,,
1942,Team [Click for roster],,,,GB,,
1942,St. Louis Cardinals,106.0,48.0,688.0,0,,
1942,Brooklyn Dodgers,104.0,50.0,675.0,2,,
1942,New York Giants,85.0,67.0,559.0,20,,
1942,Cincinnati Reds,76.0,76.0,500.0,29,,
1942,Pittsburgh Pirates,66.0,81.0,449.0,36½,,
1942,Chicago Cubs,68.0,86.0,442.0,38,,
1942,Boston Braves,59.0,89.0,399.0,44,,
1942,Philadelphia Phillies,42.0,109.0,278.0,62½,,
1932,Team | Roster,,,,GB,,
1932,Chicago Cubs,90.0,64.0,584.0,0,,
1932,Pittsburgh Pirates,86.0,68.0,558.0,4,,
1932,Brooklyn Dodgers,81.0,73.0,526.0,9,,
1932,Philadelphia Phillies,78.0,76.0,506.0,12,,
1932,Boston Braves,77.0,77.0,500.0,13,,
1932,St.Louis Cardinals,72.0,82.0,468.0,18,,
1932,New York Giants,72.0,82.0,468.0,18,,
1932,Cincinnati Reds,60.0,94.0,390.0,30,,
1932,Team | Roster,,,,GB,,
2000,East,,,,WP,GB,Payroll
2000,Atlanta Braves,95.0,67.0,586.0,0,"""$84",537
2000,New York Mets,94.0,68.0,580.0,1,"""$79",509
2000,Florida Marlins,79.0,82.0,491.0,15½,"""$20",072
2000,Montreal Expos,67.0,95.0,414.0,28,"""$34",807
2000,Philadelphia Phillies,65.0,97.0,401.0,30,"""$47",308
2000,Central,,,,WP,GB,Payroll
2000,St. Louis Cardinals,95.0,67.0,586.0,0,"""$61",453
2000,Cincinnati Reds,85.0,77.0,525.0,10,"""$46",867
2000,Milwaukee Brewers,73.0,89.0,451.0,22,"""$36",505
2000,Houston Astros,72.0,90.0,444.0,23,"""$51",289
2000,Pittsburgh Pirates,69.0,93.0,426.0,26,"""$28",928
2000,Chicago Cubs,65.0,97.0,401.0,30,"""$60",539
2000,West,,,,WP,GB,Payroll
2000,San Francisco Giants,97.0,65.0,599.0,0,"""$53",737
2000,Los Angeles Dodgers,86.0,76.0,531.0,11,"""$88",124
2000,Arizona Diamondbacks,85.0,77.0,525.0,12,"""$81",027
2000,Colorado Rockies,82.0,80.0,506.0,15,"""$61",111
2000,San Diego Padres,76.0,86.0,469.0,21,"""$54",821
1900,Team | Roster,,,,GB,,
1900,Brooklyn Superbas,82.0,54.0,603.0,0,,
1900,Pittsburgh Pirates,79.0,60.0,568.0,4½,,
1900,Philadelphia Phillies,75.0,63.0,543.0,8,,
1900,Boston Beaneaters,66.0,72.0,478.0,17,,
1900,St. Louis Cardinals,65.0,75.0,464.0,19,,
1900,Chicago Orphans,65.0,75.0,464.0,19,,
1900,Cincinnati Reds,62.0,77.0,446.0,21½,,
1900,New York Giants,60.0,78.0,435.0,23,,
1900,Team | Roster,,,,GB,,
1970,East,,,,WP,GB,
1970,Pittsburgh Pirates,89.0,73.0,549.0,0,,
1970,Chicago Cubs,84.0,78.0,519.0,5,,
1970,New York Mets,83.0,79.0,512.0,6,,
1970,St. Louis Cardinals,76.0,86.0,469.0,13,,
1970,Philadelphia Phillies,73.0,88.0,453.0,15½,,
1970,Montreal Expos,73.0,89.0,451.0,16,,
1970,West,,,,WP,GB,
1970,Cincinnati Reds,102.0,60.0,630.0,0,,
1970,Los Angeles Dodgers,87.0,74.0,540.0,14½,,
1970,San Francisco Giants,86.0,76.0,531.0,16,,
1970,Houston Astros,79.0,83.0,488.0,23,,
1970,Atlanta Braves,76.0,86.0,469.0,26,,
1970,San Diego Padres,63.0,99.0,389.0,39,,
1970,N.L.,,,,WP,GB,
1903,Team | Roster,,,,GB,,
1903,Pittsburgh Pirates,91.0,49.0,650.0,0,,
1903,New York Giants,84.0,55.0,604.0,6½,,
1903,Chicago Cubs,82.0,56.0,594.0,8,,
1903,Cincinnati Reds,74.0,65.0,532.0,16½,,
1903,Brooklyn Superbas,70.0,66.0,515.0,19,,
1903,Boston Beaneaters,58.0,80.0,420.0,32,,
1903,Philadelphia Phillies,49.0,86.0,363.0,39½,,
1903,St. Louis Cardinals,43.0,94.0,314.0,46½,,
1903,Team | Roster,,,,GB,,
1973,East,,,,WP,GB,
1973,New York Mets,82.0,79.0,509.0,0,,
1973,St. Louis Cardinals,81.0,81.0,500.0,1½,,
1973,Pittsburgh Pirates,80.0,82.0,494.0,2½,,
1973,Montreal Expos,79.0,83.0,488.0,3½,,
1973,Chicago Cubs,77.0,84.0,478.0,5,,
1973,Philadelphia Phillies,71.0,91.0,438.0,11½,,
1973,West,,,,WP,GB,
1973,Cincinnati Reds,99.0,63.0,611.0,0,,
1973,Los Angeles Dodgers,95.0,66.0,590.0,3½,,
1973,San Francisco Giants,88.0,74.0,543.0,11,,
1973,Houston Astros,82.0,80.0,506.0,17,,
1973,Atlanta Braves,76.0,85.0,472.0,22½,,
1973,San Diego Padres,60.0,102.0,370.0,39,,
1973,N.L.,,,,WP,GB,
2003,East,,,,WP,GB,Payroll
2003,Atlanta Braves,101.0,61.0,623.0,--,"""$106",243
2003,Florida Marlins,91.0,71.0,562.0,10,"""$49",050
2003,Philadelphia Phillies,86.0,76.0,531.0,15,"""$70",780
2003,Montreal Expos,83.0,79.0,512.0,18,"""$51",948
2003,New York Mets,66.0,95.0,410.0,34½,"""$117",176
2003,Central,,,,WP,GB,Payroll
2003,Chicago Cubs,88.0,74.0,543.0,--,"""$79",868
2003,Houston Astros,87.0,75.0,537.0,1,"""$71",040
2003,St. Louis Cardinals,85.0,77.0,525.0,3,"""$83",496
2003,Pittsburgh Pirates,75.0,87.0,463.0,13,"""$54",812
2003,Cincinnati Reds,69.0,93.0,426.0,19,"""$59",355
2003,Milwaukee Brewers,68.0,94.0,420.0,20,"""$40",627
2003,West,,,,WP,GB,Payroll
2003,San Francisco Giants,100.0,61.0,621.0,--,"""$82",852
2003,Los Angeles Dodgers,85.0,77.0,525.0,15½,"""$105",872
2003,Arizona Diamondbacks,84.0,78.0,519.0,16½,"""$80",640
2003,Colorado Rockies,74.0,88.0,457.0,26½,"""$67",179
2003,San Diego Padres,64.0,98.0,395.0,36½,"""$47",928
1941,Team | Roster,,,,GB,,
1941,Brooklyn Dodgers,100.0,54.0,649.0,0,,
1941,St. Louis Cardinals,97.0,56.0,634.0,2½,,
1941,Cincinnati Reds,88.0,66.0,571.0,12,,
1941,Pittsburgh Pirates,81.0,73.0,526.0,19,,
1941,New York Giants,74.0,79.0,484.0,25½,,
1941,Chicago Cubs,70.0,84.0,455.0,30,,
1941,Boston Braves,62.0,92.0,403.0,38,,
1941,Philadelphia Phillies,43.0,111.0,279.0,57,,
1941,Team | Roster,,,,GB,,
1931,Team [Click for roster],,,,GB,,
1931,St.Louis Cardinals,101.0,53.0,656.0,0,,
1931,New York Giants,87.0,65.0,572.0,13,,
1931,Chicago Cubs,84.0,70.0,545.0,17,,
1931,Brooklyn Robins,79.0,73.0,520.0,21,,
1931,Pittsburgh Pirates,75.0,79.0,487.0,26,,
1931,Philadelphia Phillies,66.0,88.0,429.0,35,,
1931,Boston Braves,64.0,90.0,416.0,37,,
1931,Cincinnati Reds,58.0,96.0,377.0,43,,
1992,East,,,,WP,GB,Payroll
1992,Pittsburgh Pirates,96.0,66.0,593.0,0,"""$32",444
1992,Montreal Expos,87.0,75.0,537.0,9,"""$15",572
1992,St. Louis Cardinals,83.0,79.0,512.0,13,"""$24",680
1992,Chicago Cubs,78.0,84.0,481.0,18,"""$31",798
1992,New York Mets,72.0,90.0,444.0,24,"""$44",760
1992,Philadelphia Phillies,70.0,92.0,432.0,26,"""$23",926
1992,West,,,,WP,GB,Payroll
1992,Atlanta Braves,98.0,64.0,605.0,0,"""$32",907
1992,Cincinnati Reds,90.0,72.0,556.0,8,"""$36",471
1992,San Diego Padres,82.0,80.0,506.0,16,"""$25",781
1992,Houston Astros,81.0,81.0,500.0,17,"""$14",671
1992,San Francisco Giants,72.0,90.0,444.0,26,"""$31",712
1992,Los Angeles Dodgers,63.0,99.0,389.0,35,"""$39",440
1880,Team | Roster,,,,GB,,
1880,Chicago White Stockings,67.0,17.0,798.0,0,,
1880,Providence Grays,52.0,32.0,619.0,15,,
1880,Cleveland Blues,47.0,37.0,560.0,20,,
1880,Troy Trojans,41.0,42.0,494.0,25½,,
1880,Worcester Ruby Legs,40.0,43.0,482.0,26½,,
1880,Boston Red Caps,40.0,44.0,476.0,27,,
1880,Buffalo Bisons,24.0,58.0,293.0,42,,
1880,Cincinnati Reds,21.0,59.0,263.0,44,,
1880,Team | Roster,,,,GB,,
1987,East,,,,WP,GB,Payroll
1987,St. Louis Cardinals,95.0,67.0,586.0,0,"""$11",802
1987,New York Mets,92.0,70.0,568.0,3,"""$14",102
1987,Montreal Expos,91.0,71.0,562.0,4,"""$8",895
1987,Pittsburgh Pirates,80.0,82.0,494.0,15,"""$7",589
1987,Philadelphia Phillies,80.0,82.0,494.0,15,"""$11",325
1987,Chicago Cubs,76.0,85.0,472.0,18½,"""$12",968
1987,West,,,,WP,GB,Payroll
1987,San Francisco Giants,90.0,72.0,556.0,0,"""$10",628
1987,Cincinnati Reds,84.0,78.0,519.0,6,"""$8",536
1987,Houston Astros,76.0,86.0,469.0,14,"""$11",508
1987,Los Angeles Dodgers,73.0,89.0,451.0,17,"""$14",280
1987,Atlanta Braves,69.0,92.0,429.0,20½,"""$14",385
1987,San Diego Padres,65.0,97.0,401.0,25,"""$10",484
2024,East,,,,T,WP,GB
2024,Philadelphia Phillies,95.0,67.0,0.0,.586,-,
2024,Atlanta Braves,89.0,73.0,0.0,.549,6.0,
2024,New York Mets,89.0,73.0,0.0,.549,6.0,
2024,Washington Nationals,71.0,91.0,0.0,.438,24.0,
2024,Miami Marlins,62.0,100.0,0.0,.383,33.0,
2024,Central,,,,T,WP,GB
2024,Milwaukee Brewers,93.0,69.0,0.0,.574,-,
2024,Chicago Cubs,83.0,79.0,0.0,.512,10.0,
2024,St. Louis Cardinals,83.0,79.0,0.0,.512,10.0,
2024,Cincinnati Reds,77.0,85.0,0.0,.475,16.0,
2024,Pittsburgh Pirates,76.0,86.0,0.0,.469,17.0,
2024,West,,,,T,WP,GB
2024,Los Angeles Dodgers,98.0,64.0,0.0,.605,-,
2024,San Diego Padres,93.0,69.0,0.0,.574,5.0,
2024,Arizona Diamondbacks,89.0,73.0,0.0,.549,9.0,
2024,San Francisco Giants,80.0,82.0,0.0,.494,18.0,
2024,Colorado Rockies,61.0,101.0,0.0,.377,37.0,
2024,N.L.,,,,T,WP,GB
1895,Team | Roster,,,,WP,GB,
1895,Baltimore Orioles,87.0,43.0,2.0,.669,0,
1895,Cleveland Spiders,84.0,46.0,1.0,.646,3,
1895,Philadelphia Phillies,78.0,53.0,2.0,.595,9½,
1895,Chicago Colts,72.0,58.0,3.0,.554,15,
1895,Brooklyn Bridegrooms,71.0,60.0,2.0,.542,16½,
1895,Boston Beaneaters,71.0,60.0,1.0,.542,16½,
1895,Pittsburgh Pirates,71.0,61.0,3.0,.538,17,
1895,Cincinnati Reds,66.0,64.0,2.0,.508,21,
1895,New York Giants,66.0,65.0,1.0,.504,21½,
1895,Washington Senators,43.0,85.0,4.0,.336,43,
1895,St. Louis Browns,39.0,92.0,5.0,.298,48½,
1895,Louisville Colonels,35.0,96.0,2.0,.267,52½,
1895,Team | Roster,,,,WP,GB,
1954,Team [Click for roster],,,,GB,,
1954,New York Giants,97.0,57.0,630.0,0,,
1954,Brooklyn Dodgers,92.0,62.0,597.0,5,,
1954,Milwaukee Braves,89.0,65.0,578.0,8,,
1954,Philadelphia Phillies,75.0,79.0,487.0,22,,
1954,Cincinnati Redlegs,74.0,80.0,481.0,23,,
1954,St. Louis Cardinals,72.0,82.0,468.0,25,,
1954,Chicago Cubs,64.0,90.0,416.0,33,,
1954,Pittsburgh Pirates,53.0,101.0,344.0,44,,
1924,Team | Roster,,,,WP,GB,
1924,New York Giants,93.0,60.0,0.0,.608,0,
1924,Brooklyn Robins,92.0,62.0,0.0,.597,1½,
1924,Pittsburgh Pirates,90.0,63.0,0.0,.588,3,
1924,Cincinnati Reds,83.0,70.0,0.0,.542,10,
1924,Chicago Cubs,81.0,72.0,0.0,.529,12,
1924,St. Louis Cardinals,65.0,89.0,0.0,.422,28½,
1924,Philadelphia Phillies,55.0,96.0,1.0,.364,37,
1924,Boston Braves,53.0,100.0,1.0,.346,40,
1924,Team | Roster,,,,WP,GB,
2016,East,,,,Ties,WP,GB
2016,Washington Nationals,95.0,67.0,0.0,.586,--,
2016,New York Mets,87.0,75.0,0.0,.537,8,
2016,Miami Marlins,79.0,82.0,0.0,.491,15.5,
2016,Philadelphia Phillies,71.0,91.0,0.0,.438,24,
2016,Atlanta Braves,68.0,93.0,0.0,.422,26.5,
2016,Central,,,,Ties,WP,GB
2016,Chicago Cubs,103.0,58.0,0.0,.640,--,
2016,St. Louis Cardinals,86.0,76.0,0.0,.531,17.5,
2016,Pittsburgh Pirates,78.0,83.0,0.0,.484,25,
2016,Milwaukee Brewers,73.0,89.0,0.0,.451,30.5,
2016,Cincinnati Reds,68.0,94.0,0.0,.420,35.5,
2016,West,,,,Ties,WP,GB
2016,Los Angeles Dodgers,91.0,71.0,0.0,.562,--,
2016,San Francisco Giants,87.0,75.0,0.0,.537,4,
2016,Colorado Rockies,75.0,87.0,0.0,.463,16,
2016,Arizona Diamondbacks,69.0,93.0,0.0,.426,22,
2016,San Diego Padres,68.0,94.0,0.0,.420,23,
1938,Team [Click for roster],,,,GB,,
1938,Chicago Cubs,89.0,63.0,586.0,0,,
1938,Pittsburgh Pirates,86.0,64.0,573.0,2,,
1938,New York Giants,83.0,67.0,553.0,5,,
1938,Cincinnati Reds,82.0,68.0,547.0,6,,
1938,Boston Bees,77.0,75.0,507.0,12,,
1938,St. Louis Cardinals,71.0,80.0,470.0,17½,,
1938,Brooklyn Dodgers,69.0,80.0,463.0,18½,,
1938,Philadelphia Phillies,45.0,105.0,300.0,43,,
1948,Team [Click for roster],,,,GB,,
1948,Boston Braves,91.0,62.0,595.0,0,,
1948,St. Louis Cardinals,85.0,69.0,552.0,6½,,
1948,Brooklyn Dodgers,84.0,70.0,545.0,7½,,
1948,Pittsburgh Pirates,83.0,71.0,539.0,8½,,
1948,New York Giants,78.0,76.0,506.0,13½,,
1948,Philadelphia Phillies,66.0,88.0,429.0,25½,,
1948,Cincinnati Reds,64.0,89.0,418.0,27,,
1948,Chicago Cubs,64.0,90.0,416.0,27½,,
1916,Team | Roster,,,,GB,,
1916,Brooklyn Robins,94.0,60.0,610.0,0,,
1916,Philadelphia Phillies,91.0,62.0,595.0,2½,,
1916,Boston Braves,89.0,63.0,586.0,4,,
1916,New York Giants,86.0,66.0,566.0,7,,
1916,Chicago Cubs,67.0,86.0,438.0,26½,,
1916,Pittsburgh Pirates,65.0,89.0,422.0,29,,
1916,St. Louis Cardinals,60.0,93.0,392.0,33½,,
1916,Cincinnati Reds,60.0,93.0,392.0,33½,,
1916,Team | Roster,,,,GB,,
1889,Team | Roster,,,,GB,,
1889,New York Giants,83.0,43.0,659.0,0,,
1889,Boston Beaneaters,83.0,45.0,648.0,1,,
1889,Chicago White Stockings,67.0,65.0,508.0,19,,
1889,Philadelphia Phillies,63.0,64.0,496.0,20½,,
1889,Pittsburgh Alleghenys,61.0,71.0,462.0,25,,
1889,Cleveland Spiders,61.0,72.0,459.0,25½,,
1889,Indianapolis Hoosiers,59.0,75.0,440.0,28,,
1889,Washington Senators,41.0,83.0,331.0,41,,
1889,Team | Roster,,,,GB,,
1966,Team | Roster,,,,GB,,
1966,Los Angeles Dodgers,95.0,67.0,586.0,0,,
1966,San Francisco Giants,93.0,68.0,578.0,1½,,
1966,Pittsburgh Pirates,92.0,70.0,568.0,3,,
1966,Philadelphia Phillies,87.0,75.0,537.0,8,,
1966,Atlanta Braves,85.0,77.0,525.0,10,,
1966,St. Louis Cardinals,83.0,79.0,512.0,12,,
1966,Cincinnati Reds,76.0,84.0,475.0,18,,
1966,Houston Astros,72.0,90.0,444.0,23,,
1966,New York Mets,66.0,95.0,410.0,28½,,
1966,Chicago Cubs,59.0,103.0,364.0,36,,
1966,Team | Roster,,,,GB,,
1921,Team | Roster,,,,GB,,
1921,New York Giants,94.0,59.0,614.0,0,,
1921,Pittsburgh Pirates,90.0,63.0,588.0,4,,
1921,St. Louis Cardinals,87.0,66.0,569.0,7,,
1921,Boston Braves,79.0,74.0,516.0,15,,
1921,Brooklyn Robins,77.0,75.0,507.0,16½,,
1921,Cincinnati Reds,70.0,83.0,458.0,24,,
1921,Chicago Cubs,64.0,89.0,418.0,30,,
1921,Philadelphia Phillies,51.0,103.0,331.0,43½,,
1921,Team | Roster,,,,GB,,
1951,Team [Click for roster],,,,GB,,
1951,New York Giants,98.0,59.0,624.0,0,,
1951,Brooklyn Dodgers,97.0,60.0,618.0,1,,
1951,St. Louis Cardinals,81.0,73.0,526.0,15½,,
1951,Boston Braves,76.0,78.0,494.0,20½,,
1951,Philadelphia Phillies,73.0,81.0,472.0,23½,,
1951,Cincinnati Reds,68.0,86.0,442.0,28½,,
1951,Pittsburgh Pirates,64.0,90.0,416.0,32½,,
1951,Chicago Cubs,62.0,92.0,403.0,34½,,
1890,Team | Roster,,,,WP,GB,
1890,Brooklyn Bridegrooms,86.0,43.0,0.0,.667,0,
1890,Chicago Colts,83.0,53.0,2.0,.613,6,
1890,Philadelphia Phillies,78.0,53.0,1.0,.591,9½,
1890,Cincinnati Reds,77.0,55.0,2.0,.583,10½,
1890,Boston Beaneaters,76.0,57.0,1.0,.571,12,
1890,New York Giants,63.0,68.0,4.0,.481,24,
1890,Cleveland Spiders,44.0,88.0,4.0,.333,43½,
1890,Pittsburgh Alleghenys,23.0,113.0,2.0,.169,66½,
1890,Team | Roster,,,,WP,GB,
2021,East,,,,T,WP,GB
2021,Atlanta Braves,88.0,73.0,0.0,.547,--,
2021,Philadelphia Phillies,82.0,80.0,0.0,.506,6.5,
2021,New York Mets,77.0,85.0,0.0,.475,11.5,
2021,Miami Marlins,67.0,95.0,0.0,.414,21.5,
2021,Washington Nationals,65.0,97.0,0.0,.401,23.5,
2021,Central,,,,T,WP,GB
2021,Milwaukee Brewers,95.0,67.0,0.0,.586,--,
2021,St. Louis Cardinals,90.0,72.0,0.0,.556,5.0,
2021,Cincinnati Reds,83.0,79.0,0.0,.512,12.0,
2021,Chicago Cubs,71.0,91.0,0.0,.438,24.0,
2021,Pittsburgh Pirates,61.0,101.0,0.0,.377,34.0,
2021,West,,,,T,WP,GB
2021,San Francisco Giants,107.0,55.0,0.0,.660,--,
2021,Los Angeles Dodgers,106.0,56.0,0.0,.654,1.0,
2021,San Diego Padres,79.0,83.0,0.0,.488,28.0,
2021,Colorado Rockies,74.0,87.0,0.0,.460,32.5,
2021,Arizona Diamondbacks,52.0,110.0,0.0,.321,55.0,
2021,N.L.,,,,T,WP,GB
1982,East,,,,WP,GB,
1982,St. Louis Cardinals,92.0,70.0,568.0,0,,
1982,Philadelphia Phillies,89.0,73.0,549.0,3,,
1982,Montreal Expos,86.0,76.0,531.0,6,,
1982,Pittsburgh Pirates,84.0,78.0,519.0,8,,
1982,Chicago Cubs,73.0,89.0,451.0,19,,
1982,New York Mets,65.0,97.0,401.0,27,,
1982,West,,,,WP,GB,
1982,Atlanta Braves,89.0,73.0,549.0,0,,
1982,Los Angeles Dodgers,88.0,74.0,543.0,1,,
1982,San Francisco Giants,87.0,75.0,537.0,2,,
1982,San Diego Padres,81.0,81.0,500.0,8,,
1982,Houston Astros,77.0,85.0,475.0,12,,
1982,Cincinnati Reds,61.0,101.0,377.0,28,,
1982,N.L.,,,,WP,GB,
1963,Team [Click for roster],,,,GB,,
1963,Los Angeles Dodgers,99.0,63.0,611.0,0,,
1963,St. Louis Cardinals,93.0,69.0,574.0,6,,
1963,San Francisco Giants,88.0,74.0,543.0,11,,
1963,Philadelphia Phillies,87.0,75.0,537.0,12,,
1963,Cincinnati Reds,86.0,76.0,531.0,13,,
1963,Milwaukee Braves,84.0,78.0,519.0,15,,
1963,Chicago Cubs,82.0,80.0,506.0,17,,
1963,Pittsburgh Pirates,74.0,88.0,457.0,25,,
1963,Houston Colt .45s,66.0,96.0,407.0,33,,
1963,New York Mets,51.0,111.0,315.0,48,,
1913,Team | Roster,,,,GB,,
1913,New York Giants,101.0,51.0,664.0,0,,
1913,Philadelphia Phillies,88.0,63.0,583.0,12½,,
1913,Chicago Cubs,88.0,65.0,575.0,13½,,
1913,Pittsburgh Pirates,78.0,71.0,523.0,21½,,
1913,Boston Braves,69.0,82.0,457.0,31½,,
1913,Brooklyn Superbas,65.0,84.0,436.0,34½,,
1913,Cincinnati Reds,64.0,89.0,418.0,37½,,
1913,St. Louis Cardinals,51.0,99.0,340.0,49,,
1913,Team | Roster,,,,GB,,
2013,East,,,,Ties,WP,GB
2013,Atlanta Braves,96.0,66.0,0.0,.593,--,$
2013,Washington Nationals,86.0,76.0,0.0,.531,10,$
2013,New York Mets,74.0,88.0,0.0,.457,22,$
2013,Philadelphia Phillies,73.0,89.0,0.0,.451,23,$
2013,Miami Marlins,62.0,100.0,0.0,.383,34,$
2013,Central,,,,Ties,WP,GB
2013,St. Louis Cardinals,97.0,65.0,0.0,.599,--,$
2013,Pittsburgh Pirates,94.0,68.0,0.0,.580,3,$
2013,Cincinnati Reds,90.0,72.0,0.0,.556,7,$
2013,Milwaukee Brewers,74.0,88.0,0.0,.457,23,$
2013,Chicago Cubs,66.0,96.0,0.0,"""","407""",31
2013,West,,,,Ties,WP,GB
2013,Los Angeles Dodgers,92.0,70.0,0.0,.568,--,$
2013,Arizona Diamondbacks,81.0,81.0,0.0,.500,11,$
2013,San Diego Padres,76.0,86.0,0.0,.469,16,$
2013,San Francisco Giants,76.0,86.0,0.0,.469,16,$
2013,Colorado Rockies,74.0,88.0,0.0,.457,18,$
1958,Team [Click for roster],,,,GB,,
1958,Milwaukee Braves,92.0,62.0,597.0,0,,
1958,Pittsburgh Pirates,84.0,70.0,545.0,8,,
1958,San Francisco Giants,80.0,74.0,519.0,12,,
1958,Cincinnati Redlegs,76.0,78.0,494.0,16,,
1958,Chicago Cubs,72.0,82.0,468.0,20,,
1958,St. Louis Cardinals,72.0,82.0,468.0,20,,
1958,Los Angeles Dodgers,71.0,83.0,461.0,21,,
1958,Philadelphia Phillies,69.0,85.0,448.0,23,,
1928,Team [Click for roster],,,,GB,,
1928,St.Louis Cardinals,95.0,59.0,617.0,0,,
1928,New York Giants,93.0,61.0,604.0,2,,
1928,Chicago Cubs,91.0,63.0,591.0,4,,
1928,Pittsburgh Pirates,85.0,67.0,559.0,9,,
1928,Cincinnati Reds,78.0,74.0,513.0,16,,
1928,Brooklyn Robins,77.0,76.0,503.0,17½,,
1928,Boston Braves,50.0,103.0,327.0,44½,,
1928,Philadelphia Phillies,43.0,109.0,283.0,51,,
2006,East,,,,Ties,WP,GB
2006,New York Mets,97.0,65.0,0.0,.599,--,"""$101"
2006,Philadelphia Phillies,85.0,77.0,0.0,.525,12,"""$88"
2006,Atlanta Braves,79.0,83.0,0.0,.488,18,"""$90"
2006,Florida Marlins,78.0,84.0,0.0,.481,19,"""$14"
2006,Washington Nationals,71.0,91.0,0.0,.438,26,"""$63"
2006,Central,,,,Ties,WP,GB
2006,St. Louis Cardinals,83.0,78.0,0.0,.516,--,"""$88"
2006,Houston Astros,82.0,80.0,0.0,.506,1½,"""$92"
2006,Cincinnati Reds,80.0,82.0,0.0,.494,3½,"""$60"
2006,Milwaukee Brewers,75.0,87.0,0.0,.463,8½,"""$57"
2006,Pittsburgh Pirates,67.0,95.0,0.0,.414,16½,"""$46"
2006,Chicago Cubs,66.0,96.0,0.0,.407,17½,"""$94"
2006,West,,,,Ties,WP,GB
2006,San Diego Padres,88.0,74.0,0.0,.543,--,"""$69"
2006,Los Angeles Dodgers,88.0,74.0,0.0,.543,--,"""$98"
2006,San Francisco Giants,76.0,85.0,0.0,.472,11½,"""$90"
2006,Arizona Diamondbacks,76.0,86.0,0.0,.469,12,"""$59"
2006,Colorado Rockies,76.0,86.0,0.0,.469,12,"""$41"
2006,N.L.,,,,Ties,WP,GB
1976,East,,,,WP,GB,
1976,Philadelphia Phillies,101.0,61.0,623.0,0,,
1976,Pittsburgh Pirates,92.0,70.0,568.0,9,,
1976,New York Mets,86.0,76.0,531.0,15,,
1976,Chicago Cubs,75.0,87.0,463.0,26,,
1976,St. Louis Cardinals,72.0,90.0,444.0,29,,
1976,Montreal Expos,55.0,107.0,340.0,46,,
1976,West,,,,WP,GB,
1976,Cincinnati Reds,102.0,60.0,630.0,0,,
1976,Los Angeles Dodgers,92.0,70.0,568.0,10,,
1976,Houston Astros,80.0,82.0,494.0,22,,
1976,San Francisco Giants,74.0,88.0,457.0,28,,
1976,San Diego Padres,73.0,89.0,451.0,29,,
1976,Atlanta Braves,70.0,92.0,432.0,32,,
1976,N.L.,,,,WP,GB,
1899,Team | Roster,,,,WP,GB,
1899,Brooklyn Superbas,101.0,47.0,2.0,.682,0,
1899,Boston Beaneaters,95.0,57.0,1.0,.625,8,
1899,Philadelphia Phillies,94.0,58.0,2.0,.618,9,
1899,Baltimore Orioles,86.0,62.0,4.0,.581,15,
1899,St. Louis Perfectos,84.0,67.0,4.0,.556,18½,
1899,Cincinnati Reds,83.0,67.0,7.0,.553,19,
1899,Pittsburgh Pirates,76.0,73.0,5.0,.510,25½,
1899,Chicago Orphans,75.0,73.0,4.0,.507,26,
1899,Louisville Colonels,75.0,77.0,3.0,.493,28,
1899,New York Giants,60.0,90.0,3.0,.400,42,
1899,Washington Senators,54.0,98.0,3.0,.355,49,
1899,Cleveland Spiders,20.0,134.0,0.0,.130,84,
1899,Team | Roster,,,,WP,GB,
1906,Team | Roster,,,,GB,,
1906,Chicago Cubs,116.0,36.0,763.0,0,,
1906,New York Giants,96.0,56.0,632.0,20,,
1906,Pittsburgh Pirates,93.0,60.0,608.0,23½,,
1906,Philadelphia Phillies,71.0,82.0,464.0,45½,,
1906,Brooklyn Superbas,66.0,86.0,434.0,50,,
1906,Cincinnati Reds,64.0,87.0,424.0,51½,,
1906,St. Louis Cardinals,52.0,98.0,347.0,63,,
1906,Boston Beaneaters,49.0,102.0,325.0,66½,,
1906,Team | Roster,,,,GB,,
1885,Team | Roster,,,,GB,,
1885,Chicago White Stockings,87.0,25.0,777.0,0,,
1885,New York Giants,85.0,27.0,759.0,2,,
1885,Philadelphia Phillies,56.0,54.0,509.0,30,,
1885,Providence Grays,53.0,57.0,482.0,33,,
1885,Boston Beaneaters,46.0,66.0,411.0,41,,
1885,Detroit Wolverines,41.0,67.0,380.0,44,,
1885,Buffalo Bisons,38.0,74.0,339.0,49,,
1885,St. Louis Maroons,36.0,72.0,333.0,49,,
1885,Team | Roster,,,,GB,,
1878,Team | Roster,,,,GB,,
1878,Boston Red Caps,41.0,19.0,683.0,0,,
1878,Cincinnati Reds,37.0,23.0,617.0,4,,
1878,Providence Grays,33.0,27.0,550.0,8,,
1878,Chicago White Stockings,30.0,30.0,500.0,11,,
1878,Indianapolis Blues,24.0,36.0,400.0,17,,
1878,Milwaukee Grays,15.0,45.0,250.0,26,,
1878,Team | Roster,,,,GB,,
1997,East,,,,WP,GB,Payroll
1997,Atlanta Braves,101.0,61.0,623.0,0,"""$53",111
1997,Florida Marlins,92.0,70.0,568.0,9,"""$52",465
1997,New York Mets,88.0,74.0,543.0,13,"""$34",985
1997,Montreal Expos,78.0,84.0,481.0,23,"""$18",010
1997,Philadelphia Phillies,68.0,94.0,420.0,33,"""$31",102
1997,Central,,,,WP,GB,Payroll
1997,Houston Astros,84.0,78.0,519.0,0,"""$34",932
1997,Pittsburgh Pirates,79.0,83.0,488.0,5,"""$15",124
1997,Cincinnati Reds,76.0,86.0,469.0,8,"""$38",206
1997,St. Louis Cardinals,73.0,89.0,451.0,11,"""$50",224
1997,Chicago Cubs,68.0,94.0,420.0,16,"""$30",791
1997,West,,,,WP,GB,Payroll
1997,San Francisco Giants,90.0,72.0,556.0,0,"""$43",067
1997,Los Angeles Dodgers,88.0,74.0,543.0,2,"""$48",472
1997,Colorado Rockies,83.0,79.0,512.0,7,"""$46",093
1997,San Diego Padres,76.0,86.0,469.0,21,"""$32",765
1934,Team [Click for roster],,,,GB,,
1934,St. Louis Cardinals,95.0,58.0,621.0,0,,
1934,New York Giants,93.0,60.0,608.0,2,,
1934,Chicago Cubs,86.0,65.0,570.0,8,,
1934,Boston Braves,78.0,73.0,517.0,16,,
1934,Pittsburgh Pirates,74.0,76.0,493.0,19½,,
1934,Brooklyn Dodgers,71.0,81.0,467.0,23½,,
1934,Philadelphia Phillies,56.0,93.0,376.0,37,,
1934,Cincinnati Reds,52.0,99.0,344.0,42,,
1944,Team | Roster,,,,GB,,
1944,St. Louis Cardinals,105.0,49.0,682.0,0,,
1944,Pittsburgh Pirates,90.0,63.0,588.0,14½,,
1944,Cincinnati Reds,89.0,65.0,578.0,16,,
1944,Chicago Cubs,75.0,79.0,487.0,30,,
1944,New York Giants,67.0,87.0,435.0,38,,
1944,Boston Braves,65.0,89.0,422.0,40,,
1944,Brooklyn Dodgers,63.0,91.0,409.0,42,,
1944,Philadelphia Phillies,61.0,92.0,399.0,43½,,
1944,Team | Roster,,,,GB,,
2001,East,,,,WP,GB,Payroll
2001,Atlanta Braves,88.0,74.0,543.0,0,"""$91",851
2001,Philadelphia Phillies,86.0,76.0,531.0,2,"""$41",664
2001,New York Mets,82.0,80.0,506.0,6,"""$93",174
2001,Florida Marlins,76.0,86.0,469.0,12,"""$35",504
2001,Montreal Expos,68.0,94.0,420.0,20,"""$34",774
2001,Central,,,,WP,GB,Payroll
2001,Houston Astros,93.0,69.0,574.0,0,"""$60",382
2001,St. Louis Cardinals,93.0,69.0,574.0,0,"""$77",270
2001,Chicago Cubs,88.0,74.0,543.0,5,"""$64",015
2001,Milwaukee Brewers,68.0,94.0,420.0,25,"""$43",089
2001,Cincinnati Reds,66.0,96.0,407.0,27,"""$45",227
2001,Pittsburgh Pirates,62.0,100.0,383.0,31,"""$52",698
2001,West,,,,WP,GB,Payroll
2001,Arizona Diamondbacks,92.0,70.0,568.0,0,"""$81",206
2001,San Francisco Giants,90.0,72.0,556.0,2,"""$63",332
2001,Los Angeles Dodgers,86.0,76.0,531.0,6,"""$108",980
2001,San Diego Padres,79.0,83.0,488.0,13,"""$38",333
2001,Colorado Rockies,73.0,89.0,451.0,19,"""$71",068
1971,East,,,,WP,GB,
1971,Pittsburgh Pirates,97.0,65.0,599.0,0,,
1971,St. Louis Cardinals,90.0,72.0,556.0,7,,
1971,New York Mets,83.0,79.0,512.0,14,,
1971,Chicago Cubs,83.0,79.0,512.0,14,,
1971,Montreal Expos,71.0,90.0,441.0,25½,,
1971,Philadelphia Phillies,67.0,95.0,414.0,30,,
1971,West,,,,WP,GB,
1971,San Francisco Giants,90.0,72.0,556.0,0,,
1971,Los Angeles Dodgers,89.0,73.0,549.0,1,,
1971,Atlanta Braves,82.0,80.0,506.0,8,,
1971,Houston Astros,79.0,83.0,488.0,11,,
1971,Cincinnati Reds,79.0,83.0,488.0,11,,
1971,San Diego Padres,61.0,100.0,379.0,28½,,
1971,N.L.,,,,WP,GB,
1901,Team | Roster,,,,GB,,
1901,Pittsburgh Pirates,90.0,49.0,647.0,0,,
1901,Philadelphia Phillies,83.0,57.0,593.0,7½,,
1901,Brooklyn Superbas,79.0,57.0,581.0,9½,,
1901,St. Louis Cardinals,76.0,64.0,543.0,14½,,
1901,Boston Beaneaters,69.0,69.0,500.0,20½,,
1901,Chicago Orphans,53.0,86.0,381.0,37,,
1901,New York Giants,52.0,85.0,380.0,37,,
1901,Cincinnati Reds,52.0,87.0,374.0,38,,
1901,Team | Roster,,,,GB,,
1882,Team | Roster,,,,GB,,
1882,Chicago White Stockings,55.0,29.0,655.0,0,,
1882,Providence Grays,52.0,32.0,619.0,3,,
1882,Buffalo Bisons,45.0,39.0,536.0,10,,
1882,Boston Red Caps,45.0,39.0,536.0,10,,
1882,Cleveland Blues,42.0,40.0,512.0,12,,
1882,Detroit Wolverines,42.0,41.0,506.0,12½,,
1882,Troy Trojans,35.0,48.0,422.0,19½,,
1882,Worcester Ruby Legs,18.0,66.0,214.0,37,,
1882,Team | Roster,,,,GB,,
1990,East,,,,WP,GB,Payroll
1990,Pittsburgh Pirates,95.0,67.0,586.0,0,"""$14",740
1990,New York Mets,91.0,71.0,562.0,4,"""$21",786
1990,Montreal Expos,85.0,77.0,525.0,10,"""$15",776
1990,Philadelphia Phillies,77.0,85.0,475.0,18,"""$14",013
1990,Chicago Cubs,77.0,85.0,475.0,18,"""$13",654
1990,St. Louis Cardinals,70.0,92.0,432.0,25,"""$19",225
1990,West,,,,WP,GB,Payroll
1990,Cincinnati Reds,91.0,71.0,562.0,0,"""$14",870
1990,Los Angeles Dodgers,86.0,76.0,531.0,5,"""$20",449
1990,San Francisco Giants,85.0,77.0,525.0,6,"""$18",804
1990,San Diego Padres,75.0,87.0,463.0,16,"""$16",677
1990,Houston Astros,75.0,87.0,463.0,16,"""$17",123
1990,Atlanta Braves,65.0,97.0,401.0,26,"""$10",914
1933,Team [Click for roster],,,,GB,,
1933,New York Giants,91.0,61.0,599.0,0,,
1933,Pittsburgh Pirates,87.0,67.0,565.0,5,,
1933,Chicago Cubs,86.0,68.0,558.0,6,,
1933,Boston Braves,83.0,71.0,539.0,9,,
1933,St.Louis Cardinals,82.0,71.0,536.0,9½,,
1933,Brooklyn Dodgers,65.0,88.0,425.0,26½,,
1933,Philadelphia Phillies,60.0,92.0,395.0,31,,
1933,Cincinnati Reds,58.0,94.0,382.0,33,,
1943,Team [Click for roster],,,,GB,,
1943,St. Louis Cardinals,105.0,49.0,682.0,0,,
1943,Cincinnati Reds,87.0,67.0,565.0,18,,
1943,Brooklyn Dodgers,81.0,72.0,529.0,23½,,
1943,Pittsburgh Pirates,80.0,74.0,519.0,25,,
1943,Chicago Cubs,74.0,79.0,484.0,30½,,
1943,Boston Braves,68.0,85.0,444.0,36½,,
1943,Philadelphia Phillies,64.0,90.0,416.0,41,,
1943,New York Giants,55.0,98.0,359.0,49½,,
1926,Team [Click for roster],,,,GB,,
1926,St. Louis Cardinals,89.0,65.0,578.0,0,,
1926,Cincinnati Reds,87.0,67.0,565.0,2,,
1926,Pittsburgh Pirates,84.0,69.0,549.0,4½,,
1926,Chicago Cubs,82.0,72.0,532.0,7,,
1926,New York Giants,74.0,77.0,490.0,13½,,
1926,Brooklyn Robins,71.0,82.0,464.0,17½,,
1926,Boston Braves,66.0,86.0,434.0,22,,
1926,Philadelphia Phillies,58.0,93.0,384.0,29½,,
2008,East,,,,Ties,WP,GB
2008,Philadelphia Phillies,92.0,70.0,0.0,.568,--,"""$98"
2008,New York Mets,89.0,73.0,0.0,.549,3,"""$138"
2008,Florida Marlins,84.0,77.0,0.0,.522,7½,"""$21"
2008,Atlanta Braves,72.0,90.0,0.0,.444,20,"""$102"
2008,Washington Nationals,59.0,102.0,0.0,.366,32½,"""$54"
2008,Central,,,,Ties,WP,GB
2008,Chicago Cubs,97.0,64.0,0.0,.602,--,"""$118"
2008,Milwaukee Brewers,90.0,72.0,0.0,.556,7½,"""$81"
2008,Houston Astros,86.0,75.0,0.0,.534,11,"""$88"
2008,St. Louis Cardinals,86.0,76.0,0.0,.531,11½,"""$100"
2008,Cincinnati Reds,74.0,88.0,0.0,.457,23½,"""$74"
2008,Pittsburgh Pirates,67.0,95.0,0.0,.414,30½,"""$49"
2008,West,,,,Ties,WP,GB
2008,Los Angeles Dodgers,84.0,78.0,0.0,.519,--,"""$118"
2008,Arizona Diamondbacks,82.0,80.0,0.0,.506,2,"""$66"
2008,Colorado Rockies,74.0,88.0,0.0,.457,10,"""$68"
2008,San Francisco Giants,72.0,90.0,0.0,.444,12,"""$76"
2008,San Diego Padres,63.0,99.0,0.0,.389,21,"""$73"
2008,N.L.,,,,Ties,WP,GB
1956,Team [Click for roster],,,,GB,,
1956,Brooklyn Dodgers,93.0,61.0,604.0,0,,
1956,Milwaukee Braves,92.0,62.0,597.0,1,,
1956,Cincinnati Redlegs,91.0,63.0,591.0,2,,
1956,St. Louis Cardinals,76.0,78.0,494.0,17,,
1956,Philadelphia Phillies,71.0,83.0,461.0,22,,
1956,New York Giants,67.0,87.0,435.0,26,,
1956,Pittsburgh Pirates,66.0,88.0,429.0,27,,
1956,Chicago Cubs,60.0,94.0,390.0,33,,
1897,Team | Roster,,,,WP,GB,
1897,Boston Beaneaters,93.0,39.0,3.0,.705,0,
1897,Baltimore Orioles,90.0,40.0,6.0,.692,2,
1897,New York Giants,83.0,48.0,7.0,.634,9½,
1897,Cincinnati Reds,76.0,56.0,2.0,.576,17,
1897,Cleveland Spiders,69.0,62.0,1.0,.527,23½,
1897,Washington Senators,61.0,71.0,4.0,.462,32,
1897,Brooklyn Bridegrooms,61.0,71.0,3.0,.462,32,
1897,Pittsburgh Pirates,60.0,71.0,4.0,.458,32½,
1897,Chicago Colts,59.0,73.0,6.0,.447,34,
1897,Philadelphia Phillies,55.0,77.0,2.0,.417,38,
1897,Louisville Colonels,52.0,78.0,6.0,.400,40,
1897,St. Louis Browns,29.0,102.0,2.0,.221,63½,
1897,Team | Roster,,,,WP,GB,
1908,Team | Roster,,,,GB,,
1908,Chicago Cubs,99.0,55.0,643.0,0,,
1908,Pittsburgh Pirates,98.0,56.0,636.0,1,,
1908,New York Giants,98.0,56.0,636.0,1,,
1908,Philadelphia Phillies,83.0,71.0,539.0,16,,
1908,Cincinnati Reds,73.0,81.0,474.0,26,,
1908,Boston Doves,63.0,91.0,409.0,36,,
1908,Brooklyn Superbas,53.0,101.0,344.0,46,,
1908,St. Louis Cardinals,49.0,105.0,318.0,50,,
1908,Team | Roster,,,,GB,,
1985,East,,,,WP,GB,Payroll
1985,St. Louis Cardinals,101.0,61.0,623.0,0,"""$10",441
1985,New York Mets,98.0,64.0,605.0,3,"""$11",013
1985,Montreal Expos,84.0,77.0,522.0,16½,"""$10",195
1985,Chicago Cubs,77.0,84.0,478.0,23½,"""$13",478
1985,Philadelphia Phillies,75.0,87.0,463.0,26,"""$11",785
1985,Pittsburgh Pirates,57.0,104.0,354.0,43½,"""$10",223
1985,West,,,,WP,GB,Payroll
1985,Los Angeles Dodgers,95.0,67.0,586.0,0,"""$11",970
1985,Cincinnati Reds,89.0,72.0,553.0,5½,"""$9",258
1985,San Diego Padres,83.0,79.0,512.0,12,"""$9",801
1985,Houston Astros,83.0,79.0,512.0,12,"""$10",153
1985,Atlanta Braves,66.0,96.0,407.0,29,"""$14",771
1985,San Francisco Giants,62.0,100.0,383.0,33,"""$7",777
1985,N.L.,,,,WP,GB,Payroll
1978,East,,,,WP,GB,
1978,Philadelphia Phillies,90.0,72.0,556.0,0,,
1978,Pittsburgh Pirates,88.0,73.0,547.0,1½,,
1978,Chicago Cubs,79.0,83.0,488.0,11,,
1978,Montreal Expos,76.0,86.0,469.0,14,,
1978,St. Louis Cardinals,69.0,93.0,426.0,21,,
1978,New York Mets,66.0,96.0,407.0,24,,
1978,West,,,,WP,GB,
1978,Los Angeles Dodgers,95.0,67.0,586.0,0,,
1978,Cincinnati Reds,92.0,69.0,571.0,2½,,
1978,San Francisco Giants,89.0,73.0,549.0,6,,
1978,San Diego Padres,84.0,78.0,519.0,11,,
1978,Houston Astros,74.0,88.0,457.0,21,,
1978,Atlanta Braves,69.0,93.0,426.0,26,,
1978,N.L.,,,,WP,GB,
1964,Team | Roster,,,,GB,,
1964,St. Louis Cardinals,93.0,69.0,574.0,0,,
1964,Cincinnati Reds,92.0,70.0,568.0,1,,
1964,Philadelphia Phillies,92.0,70.0,568.0,1,,
1964,San Francisco Giants,90.0,72.0,556.0,3,,
1964,Milwaukee Braves,88.0,74.0,543.0,5,,
1964,Los Angeles Dodgers,80.0,82.0,494.0,13,,
1964,Pittsburgh Pirates,80.0,82.0,494.0,13,,
1964,Chicago Cubs,76.0,86.0,469.0,17,,
1964,Houston Colt .45s,66.0,96.0,407.0,27,,
1964,New York Mets,53.0,109.0,327.0,40,,
1964,Team | Roster,,,,GB,,
1999,East,,,,WP,GB,Payroll
1999,Atlanta Braves,103.0,59.0,636.0,0,"""$79",256
1999,New York Mets,97.0,66.0,595.0,6½,"""$71",510
1999,Philadelphia Phillies,77.0,85.0,475.0,26,"""$30",441
1999,Montreal Expos,68.0,94.0,420.0,35,"""$15",015
1999,Florida Marlins,64.0,98.0,395.0,39,"""$14",650
1999,Central,,,,WP,GB,Payroll
1999,Houston Astros,97.0,65.0,599.0,0,"""$56",389
1999,Cincinnati Reds,96.0,67.0,589.0,1½,"""$38",031
1999,Pittsburgh Pirates,78.0,83.0,484.0,18½,"""$23",682
1999,St. Louis Cardinals,75.0,86.0,466.0,21½,"""$46",337
1999,Milwaukee Brewers,74.0,87.0,460.0,22½,"""$42",976
1999,Chicago Cubs,67.0,95.0,414.0,30,"""$55",419
1999,West,,,,WP,GB,Payroll
1999,Arizona Diamondbacks,100.0,62.0,617.0,0,"""$70",046
1999,San Francisco Giants,86.0,76.0,531.0,14,"""$45",991
1999,Los Angeles Dodgers,77.0,85.0,475.0,23,"""$76",607
1999,San Diego Padres,74.0,88.0,457.0,26,"""$46",507
1999,Colorado Rockies,72.0,90.0,444.0,28,"""$54",367
1914,Team | Roster,,,,GB,,
1914,Boston Braves,94.0,59.0,614.0,0,,
1914,New York Giants,84.0,70.0,545.0,10½,,
1914,St. Louis Cardinals,81.0,72.0,529.0,13,,
1914,Chicago Cubs,78.0,76.0,506.0,16½,,
1914,Brooklyn Robins,75.0,79.0,487.0,19½,,
1914,Philadelphia Phillies,74.0,80.0,481.0,20½,,
1914,Pittsburgh Pirates,69.0,85.0,448.0,25½,,
1914,Cincinnati Reds,60.0,94.0,390.0,34½,,
1914,Team | Roster,,,,GB,,
1876,Team | Roster,,,,GB,,
1876,Chicago White Stockings,52.0,14.0,788.0,0,,
1876,St. Louis Brown Stockings,45.0,19.0,703.0,6,,
1876,Hartford Dark Blues,47.0,21.0,691.0,6,,
1876,Boston Red Caps,39.0,31.0,557.0,15,,
1876,Louisville Grays,30.0,36.0,455.0,22,,
1876,New York Mutuals,21.0,35.0,375.0,26,,
1876,Philadelphia Athletics,14.0,45.0,237.0,34½,,
1876,Cincinnati Reds,9.0,56.0,138.0,42½,,
1876,Team | Roster,,,,GB,,
2014,East,,,,T,WP,GB
2014,Washington Nationals,96.0,66.0,0.0,.593,--,"""$134"
2014,Atlanta Braves,79.0,83.0,0.0,.488,17,"""$110"
2014,New York Mets,79.0,83.0,0.0,.488,17,"""$89"
2014,Miami Marlins,77.0,85.0,0.0,.475,19,"""$47"
2014,Philadelphia Phillies,73.0,89.0,0.0,.451,23,"""$180"
2014,Central,,,,T,WP,GB
2014,St. Louis Cardinals,90.0,72.0,0.0,.556,--,"""$111"
2014,Pittsburgh Pirates,88.0,74.0,0.0,.543,2,"""$78"
2014,Milwaukee Brewers,82.0,80.0,0.0,.506,8,"""$103"
2014,Cincinnati Reds,76.0,86.0,0.0,.469,14,"""$112"
2014,Chicago Cubs,73.0,89.0,0.0,.451,17,"""$89"
2014,West,,,,T,WP,GB
2014,Los Angeles Dodgers,94.0,68.0,0.0,.580,--,"""$235"
2014,San Francisco Giants,88.0,74.0,0.0,.543,6,"""$154"
2014,San Diego Padres,77.0,85.0,0.0,.475,17,"""$90"
2014,Colorado Rockies,66.0,96.0,0.0,.407,28,"""$95"
2014,Arizona Diamondbacks,64.0,98.0,0.0,.395,30,"""$112"
2014,N.L.,,,,T,WP,GB
1980,East,,,,WP,GB,
1980,Philadelphia Phillies,91.0,71.0,562.0,0,,
1980,Montreal Expos,90.0,72.0,556.0,1,,
1980,Pittsburgh Pirates,83.0,79.0,512.0,8,,
1980,St. Louis Cardinals,74.0,88.0,457.0,17,,
1980,New York Mets,67.0,95.0,414.0,24,,
1980,Chicago Cubs,64.0,98.0,395.0,27,,
1980,West,,,,WP,GB,
1980,Houston Astros,93.0,70.0,571.0,0,,
1980,Los Angeles Dodgers,92.0,71.0,564.0,1,,
1980,Cincinnati Reds,89.0,73.0,549.0,3½,,
1980,Atlanta Braves,81.0,80.0,503.0,11,,
1980,San Francisco Giants,75.0,86.0,466.0,17,,
1980,San Diego Padres,73.0,89.0,451.0,19½,,
1980,N.L.,,,,WP,GB,
1892,Team | Roster,,,,WP,GB,
1892,Boston Beaneaters,,52.0,22.0,.703,+2½,
1892,(b),50.0,26.0,658.0,3,,
1892,Final,102.0,48.0,680.0,+8½,,
1892,Cleveland Spiders,,40.0,33.0,.548,16½,
1892,(b),53.0,23.0,697.0,+3,,
1892,Final,93.0,56.0,624.0,8½,,
1892,Brooklyn Bridegrooms,,51.0,26.0,.662,2½,
1892,(b),44.0,33.0,571.0,9½,,
1892,Final,95.0,59.0,617.0,9,,
1892,Philadelphia Phillies,,46.0,30.0,.605,7,
1892,(b),41.0,36.0,532.0,12½,,
1892,Final,87.0,66.0,569.0,16½,,
1892,Cincinnati Reds,,44.0,31.0,.587,8½,
1892,(b),38.0,37.0,507.0,14½,,
1892,Final,82.0,68.0,547.0,20,,
1892,Pittsburgh Pirates,,37.0,39.0,.487,16,
1892,(b),43.0,34.0,558.0,10½,,
1892,Final,80.0,73.0,523.0,23½,,
1892,Chicago Colts,,31.0,39.0,.443,19,
1892,(b),39.0,37.0,513.0,14,,
1892,Final,70.0,76.0,479.0,30,,
1892,New York Giants,,31.0,43.0,.419,21,
1892,(b),40.0,37.0,519.0,13½,,
1892,Final,71.0,80.0,470.0,31½,,
1892,Louisville Colonels,,30.0,47.0,.390,23½,
1892,(b),33.0,42.0,440.0,19½,,
1892,Final,63.0,89.0,414.0,40,,
1892,Washington Senators,,35.0,41.0,.461,18,
1892,(b),23.0,52.0,307.0,24½,,
1892,Final,58.0,93.0,384.0,44½,,
1892,St. Louis Browns,,31.0,42.0,.425,20½,
1892,(b),25.0,52.0,325.0,28½,,
1892,Final,56.0,94.0,373.0,46,,
1892,Baltimore Orioles,,20.0,55.0,.267,32½,
1892,(b),26.0,46.0,361.0,25,,
1892,Final,46.0,101.0,313.0,54½,,
1892,Team | Roster,,,,WP,GB,
2023,East,,,,T,WP,GB
2023,Atlanta Braves,104.0,58.0,0.0,.642,-,
2023,Philadelphia Phillies,90.0,72.0,0.0,.556,14.0,
2023,Miami Marlins,84.0,78.0,0.0,.519,20.0,
2023,New York Mets,75.0,87.0,0.0,.463,29.0,
2023,Washington Nationals,71.0,91.0,0.0,.438,33.0,
2023,Central,,,,T,WP,GB
2023,Milwaukee Brewers,92.0,70.0,0.0,.568,-,
2023,Chicago Cubs,83.0,79.0,0.0,.512,9.0,
2023,Cincinnati Reds,82.0,80.0,0.0,.506,10.0,
2023,Pittsburgh Pirates,76.0,86.0,0.0,.469,16.0,
2023,St. Louis Cardinals,71.0,91.0,0.0,.438,21.0,
2023,West,,,,T,WP,GB
2023,Los Angeles Dodgers,100.0,62.0,0.0,.617,-,
2023,Arizona Diamondbacks,84.0,78.0,0.0,.519,16.0,
2023,San Diego Padres,82.0,80.0,0.0,.506,18.0,
2023,San Francisco Giants,79.0,83.0,0.0,.488,21.0,
2023,Colorado Rockies,59.0,103.0,0.0,.364,41.0,
2023,N.L.,,,,T,WP,GB
1953,Team | Roster,,,,GB,,
1953,Brooklyn Dodgers,105.0,49.0,682.0,0,,
1953,Milwaukee Braves,92.0,62.0,597.0,13,,
1953,Philadelphia Phillies,83.0,71.0,539.0,22,,
1953,St. Louis Cardinals,83.0,71.0,539.0,22,,
1953,New York Giants,70.0,84.0,455.0,35,,
1953,Cincinnati Redlegs,68.0,86.0,442.0,37,,
1953,Chicago Cubs,65.0,89.0,422.0,40,,
1953,Pittsburgh Pirates,50.0,104.0,325.0,55,,
1953,Team | Roster,,,,GB,,
1923,Team [Click for roster],,,,GB,,
1923,New York Giants,95.0,58.0,621.0,0,,
1923,Cincinnati Reds,91.0,63.0,591.0,4½,,
1923,Pittsburgh Pirates,87.0,67.0,565.0,8½,,
1923,Chicago Cubs,83.0,71.0,539.0,12½,,
1923,St. Louis Cardinals,79.0,74.0,516.0,16,,
1923,Brooklyn Robins,76.0,78.0,494.0,19½,,
1923,Boston Braves,54.0,100.0,351.0,41½,,
1923,Philadelphia Phillies,50.0,104.0,325.0,45½,,
2011,East,,,,Ties,WP,GB
2011,Philadelphia Phillies,102.0,60.0,0.0,.630,--,"""$ 172"
2011,Atlanta Braves,89.0,73.0,0.0,.549,13,"""$87"
2011,Washington Nationals,80.0,81.0,0.0,.497,21½,"""$63"
2011,New York Mets,77.0,85.0,0.0,.475,25,"""$118"
2011,Florida Marlins,72.0,90.0,0.0,.444,30,"""$56"
2011,Central,,,,Ties,WP,GB
2011,Milwaukee Brewers,96.0,66.0,0.0,.593,--,"""$85"
2011,St. Louis Cardinals,90.0,72.0,0.0,.556,6,"""$105"
2011,Cincinnati Reds,79.0,83.0,0.0,.488,17,"""$75"
2011,Pittsburgh Pirates,72.0,90.0,0.0,.444,24,"""$45"
2011,Chicago Cubs,71.0,91.0,0.0,.438,25,"""$125"
2011,Houston Astros,56.0,106.0,0.0,.346,40,"""$70"
2011,West,,,,Ties,WP,GB
2011,Arizona Diamondbacks,94.0,68.0,0.0,.580,--,"""$53"
2011,San Francisco Giants,86.0,76.0,0.0,.531,8,"""$118"
2011,Los Angeles Dodgers,82.0,79.0,0.0,.509,11½,"""$104"
2011,Colorado Rockies,73.0,89.0,0.0,.451,21,"""$88"
2011,San Diego Padres,71.0,91.0,0.0,.438,23,"""$45"
1911,Team | Roster,,,,GB,,
1911,New York Giants,99.0,54.0,647.0,0,,
1911,Chicago Cubs,92.0,62.0,597.0,7½,,
1911,Pittsburgh Pirates,85.0,69.0,552.0,14½,,
1911,Philadelphia Phillies,79.0,73.0,520.0,19½,,
1911,St. Louis Cardinals,75.0,74.0,503.0,22,,
1911,Cincinnati Reds,70.0,83.0,458.0,29,,
1911,Brooklyn Superbas,64.0,86.0,427.0,33½,,
1911,Boston Rustlers,44.0,107.0,291.0,54,,
1911,Team | Roster,,,,GB,,
1961,Team | Roster,,,,GB,,
1961,Cincinnati Reds,93.0,61.0,604.0,0,,
1961,Los Angeles Dodgers,89.0,65.0,578.0,4,,
1961,San Francisco Giants,85.0,69.0,552.0,8,,
1961,Milwaukee Braves,83.0,71.0,539.0,10,,
1961,St. Louis Cardinals,80.0,74.0,519.0,13,,
1961,Pittsburgh Pirates,75.0,79.0,487.0,18,,
1961,Chicago Cubs,64.0,90.0,416.0,29,,
1961,Philadelphia Phillies,47.0,107.0,305.0,46,,
1961,Team | Roster,,,,GB,,
1904,Team | Roster,,,,GB,,
1904,New York Giants,106.0,47.0,693.0,0,,
1904,Chicago Cubs,93.0,60.0,608.0,13,,
1904,Cincinnati Reds,88.0,65.0,575.0,18,,
1904,Pittsburgh Pirates,87.0,66.0,569.0,19,,
1904,St. Louis Cardinals,75.0,79.0,487.0,31½,,
1904,Brooklyn Superbas,56.0,97.0,366.0,50,,
1904,Boston Beaneaters,55.0,98.0,359.0,51,,
1904,Philadelphia Phillies,52.0,100.0,342.0,53½,,
1904,Team | Roster,,,,GB,,
1989,East,,,,WP,GB,Payroll
1989,Chicago Cubs,93.0,69.0,574.0,0,"""$12",167
1989,New York Mets,87.0,75.0,537.0,6,"""$21",300
1989,St. Louis Cardinals,86.0,76.0,531.0,7,"""$16",077
1989,Montreal Expos,81.0,81.0,500.0,12,"""$15",141
1989,Pittsburgh Pirates,74.0,88.0,457.0,19,"""$12",463
1989,Philadelphia Phillies,67.0,95.0,414.0,26,"""$8",633
1989,West,,,,WP,GB,Payroll
1989,San Francisco Giants,92.0,70.0,568.0,0,"""$17",255
1989,San Diego Padres,89.0,73.0,549.0,3,"""$14",004
1989,Houston Astros,86.0,76.0,531.0,6,"""$16",761
1989,Los Angeles Dodgers,77.0,83.0,481.0,14,"""$21",147
1989,Cincinnati Reds,75.0,87.0,463.0,17,"""$12",257
1989,Atlanta Braves,63.0,97.0,394.0,28,"""$9",065
1974,East,,,,WP,GB,
1974,Pittsburgh Pirates,88.0,74.0,543.0,0,,
1974,St. Louis Cardinals,86.0,75.0,534.0,1½,,
1974,Philadelphia Phillies,80.0,82.0,491.0,8,,
1974,Montreal Expos,79.0,82.0,491.0,8½,,
1974,New York Mets,71.0,91.0,438.0,17,,
1974,Chicago Cubs,66.0,96.0,407.0,22,,
1974,West,,,,WP,GB,
1974,Los Angeles Dodgers,102.0,60.0,630.0,0,,
1974,Cincinnati Reds,98.0,64.0,605.0,4,,
1974,Atlanta Braves,88.0,74.0,543.0,14,,
1974,Houston Astros,81.0,81.0,500.0,21,,
1974,San Francisco Giants,72.0,90.0,444.0,30,,
1974,San Diego Padres,60.0,102.0,370.0,42,,
1974,N.L.,,,,WP,GB,
2004,East,,,,Ties,WP,GB
2004,Atlanta Braves,96.0,66.0,0.0,.593,--,"""$88"
2004,Philadelphia Phillies,86.0,76.0,0.0,.531,10,"""$93"
2004,Florida Marlins,83.0,79.0,0.0,.512,13,"""$42"
2004,New York Mets,71.0,91.0,0.0,.438,25,"""$100"
2004,Montreal Expos,67.0,95.0,0.0,.414,29,"""$43"
2004,Central,,,,Ties,WP,GB
2004,St. Louis Cardinals,105.0,57.0,0.0,.648,--,"""$75"
2004,Houston Astros,92.0,70.0,0.0,.568,13,"""$74"
2004,Chicago Cubs,89.0,73.0,0.0,.549,16,"""$91"
2004,Cincinnati Reds,76.0,86.0,0.0,.469,29,"""$43"
2004,Pittsburgh Pirates,72.0,89.0,0.0,.447,32½,"""$32"
2004,Milwaukee Brewers,67.0,94.0,0.0,.416,37½,"""$27"
2004,West,,,,Ties,WP,GB
2004,Los Angeles Dodgers,93.0,69.0,0.0,.574,--,"""$89"
2004,San Francisco Giants,91.0,71.0,0.0,.562,2,"""$82"
2004,San Diego Padres,87.0,75.0,0.0,.537,6,"""$54"
2004,Colorado Rockies,68.0,94.0,0.0,.420,25,"""$64"
2004,Arizona Diamondbacks,51.0,111.0,0.0,.315,42,"""$70"
1946,Team [Click for roster],,,,GB,,
1946,St. Louis Cardinals,98.0,58.0,628.0,0,,
1946,Brooklyn Dodgers,96.0,60.0,615.0,2,,
1946,Chicago Cubs,82.0,71.0,536.0,14½,,
1946,Boston Braves,81.0,72.0,529.0,15½,,
1946,Philadelphia Phillies,69.0,85.0,448.0,28,,
1946,Cincinnati Reds,67.0,87.0,435.0,30,,
1946,Pittsburgh Pirates,63.0,91.0,409.0,34,,
1946,New York Giants,61.0,93.0,396.0,36,,
2018,East,,,,T,WP,GB
2018,Atlanta Braves,90.0,72.0,0.0,.556,--,
2018,Washington Nationals,82.0,80.0,0.0,.506,8.0,
2018,Philadelphia Phillies,80.0,82.0,0.0,.494,10.0,
2018,New York Mets,77.0,85.0,0.0,.475,13.0,
2018,Miami Marlins,63.0,98.0,0.0,.391,26.5,
2018,Central,,,,T,WP,GB
2018,Milwaukee Brewers,96.0,67.0,0.0,.589,--,
2018,Chicago Cubs,95.0,68.0,0.0,.583,1.0,
2018,St. Louis Cardinals,88.0,74.0,0.0,.543,7.5,
2018,Pittsburgh Pirates,82.0,79.0,0.0,.509,13.0,
2018,Cincinnati Reds,67.0,95.0,0.0,.414,28.5,
2018,West,,,,T,WP,GB
2018,Los Angeles Dodgers,92.0,71.0,0.0,.564,--,
2018,Colorado Rockies,91.0,72.0,0.0,.558,1.0,
2018,Arizona Diamondbacks,82.0,80.0,0.0,.506,9.5,
2018,San Francisco Giants,73.0,89.0,0.0,.451,18.5,
2018,San Diego Padres,66.0,96.0,0.0,.407,24.5,
2018,N.L.,,,,T,WP,GB
1936,Team | Roster,,,,GB,,
1936,New York Giants,92.0,62.0,597.0,0,,
1936,St. Louis Cardinals,87.0,67.0,565.0,5,,
1936,Chicago Cubs,87.0,67.0,565.0,5,,
1936,Pittsburgh Pirates,84.0,70.0,545.0,8,,
1936,Cincinnati Reds,74.0,80.0,481.0,18,,
1936,Boston Bees,71.0,83.0,461.0,21,,
1936,Brooklyn Dodgers,67.0,87.0,435.0,25,,
1936,Philadelphia Phillies,54.0,100.0,351.0,38,,
1936,Team | Roster,,,,GB,,
1968,Team [Click for roster],,,,GB,,
1968,St. Louis Cardinals,97.0,65.0,599.0,0,,
1968,San Francisco Giants,88.0,74.0,543.0,9,,
1968,Chicago Cubs,84.0,78.0,519.0,13,,
1968,Cincinnati Reds,83.0,79.0,512.0,14,,
1968,Atlanta Braves,81.0,81.0,500.0,16,,
1968,Pittsburgh Pirates,80.0,82.0,494.0,17,,
1968,Philadelphia Phillies,76.0,86.0,469.0,21,,
1968,Los Angeles Dodgers,76.0,86.0,469.0,21,,
1968,New York Mets,73.0,89.0,451.0,24,,
1968,Houston Astros,72.0,90.0,444.0,25,,
1995,East,,,,WP,GB,Payroll
1995,Atlanta Braves,90.0,54.0,625.0,0,"""$47",023
1995,New York Mets,69.0,75.0,479.0,21,"""$23",097
1995,Philadelphia Phillies,69.0,75.0,479.0,21,"""$30",333
1995,Florida Marlins,67.0,76.0,469.0,22½,"""$22",961
1995,Montreal Expos,66.0,78.0,458.0,24,"""$13",116
1995,Central,,,,WP,GB,Payroll
1995,Cincinnati Reds,85.0,59.0,590.0,0,"""$47",739
1995,Houston Astros,76.0,68.0,528.0,9,"""$33",614
1995,Chicago Cubs,73.0,71.0,507.0,12,"""$36",797
1995,St. Louis Cardinals,62.0,81.0,434.0,22½,"""$28",679
1995,Pittsburgh Pirates,58.0,86.0,403.0,27,"""$17",665
1995,West,,,,WP,GB,Payroll
1995,Los Angeles Dodgers,78.0,66.0,542.0,0,"""$36",725
1995,Colorado Rockies,77.0,67.0,535.0,1,"""$38",039
1995,San Diego Padres,70.0,74.0,486.0,8,"""$25",008
1995,San Francisco Giants,67.0,77.0,465.0,11,"""$33",798
1918,Team | Roster,,,,WP,GB,
1918,Chicago Cubs,84.0,45.0,2.0,.651,0,
1918,New York Giants,71.0,53.0,0.0,.573,10½,
1918,Cincinnati Reds,68.0,60.0,1.0,.531,15½,
1918,Pittsburgh Pirates,65.0,60.0,1.0,.520,17,
1918,Brooklyn Robins,57.0,69.0,0.0,.452,25½,
1918,Philadelphia Phillies,55.0,68.0,2.0,.447,26,
1918,Boston Braves,53.0,71.0,0.0,.427,28½,
1918,St. Louis Cardinals,51.0,78.0,2.0,.395,33,
1918,Team | Roster,,,,WP,GB,
1887,Team [Click for roster],,,,GB,,
1887,Detroit Wolverines,79.0,45.0,637.0,0,,
1887,Philadelphia Phillies,75.0,48.0,610.0,3½,,
1887,Chicago White Stockings,71.0,50.0,587.0,6½,,
1887,New York Giants,68.0,55.0,553.0,10½,,
1887,Boston Beaneaters,61.0,60.0,504.0,16½,,
1887,Pittsburgh Alleghenys,55.0,69.0,444.0,24,,
1887,Washington Senators,46.0,76.0,377.0,32,,
1887,Indianapolis Hoosiers,37.0,89.0,294.0,43,,
1996,East,,,,WP,GB,Payroll
1996,Atlanta Braves,96.0,66.0,593.0,0,"""$53",797
1996,Montreal Expos,88.0,74.0,543.0,8,"""$17",264
1996,Florida Marlins,80.0,82.0,494.0,16,"""$25",311
1996,New York Mets,71.0,91.0,438.0,25,"""$29",890
1996,Philadelphia Phillies,67.0,95.0,414.0,29,"""$30",403
1996,Central,,,,WP,GB,Payroll
1996,St. Louis Cardinals,88.0,74.0,543.0,0,"""$38",730
1996,Houston Astros,82.0,80.0,506.0,6,"""$29",613
1996,Cincinnati Reds,81.0,81.0,500.0,7,"""$43",696
1996,Chicago Cubs,76.0,86.0,469.0,12,"""$32",605
1996,Pittsburgh Pirates,73.0,89.0,451.0,15,"""$16",994
1996,West,,,,WP,GB,Payroll
1996,San Diego Padres,91.0,71.0,562.0,0,"""$33",376
1996,Los Angeles Dodgers,90.0,72.0,556.0,1,"""$37",313
1996,Colorado Rockies,83.0,79.0,512.0,8,"""$41",108
1996,San Francisco Giants,68.0,94.0,420.0,23,"""$34",646
1879,Team | Roster,,,,GB,,
1879,Providence Grays,59.0,25.0,702.0,0,,
1879,Boston Red Caps,54.0,30.0,643.0,5,,
1879,Buffalo Bisons,46.0,32.0,590.0,10,,
1879,Chicago White Stockings,46.0,33.0,582.0,10½,,
1879,Cincinnati Reds,43.0,37.0,538.0,14,,
1879,Cleveland Blues,27.0,55.0,329.0,31,,
1879,Syracuse Stars,22.0,48.0,314.0,30,,
1879,Troy Trojans,19.0,56.0,253.0,35½,,
1879,Team | Roster,,,,GB,,
1884,Team | Roster,,,,GB,,
1884,Providence Grays,84.0,28.0,750.0,0,,
1884,Boston Beaneaters,73.0,38.0,658.0,10½,,
1884,Buffalo Bisons,64.0,47.0,577.0,19½,,
1884,New York Gothams,62.0,50.0,554.0,22,,
1884,Chicago White Stockings,62.0,50.0,554.0,22,,
1884,Philadelphia Phillies,39.0,73.0,348.0,45,,
1884,Cleveland Blues,35.0,77.0,313.0,49,,
1884,Detroit Wolverines,28.0,84.0,250.0,56,,
1884,Team | Roster,,,,GB,,
1945,Team | Roster,,,,GB,,
1945,Chicago Cubs,98.0,56.0,636.0,0,,
1945,St. Louis Cardinals,95.0,59.0,617.0,3,,
1945,Brooklyn Dodgers,87.0,67.0,565.0,11,,
1945,Pittsburgh Pirates,82.0,72.0,532.0,16,,
1945,New York Giants,78.0,74.0,513.0,19,,
1945,Boston Braves,67.0,85.0,441.0,30,,
1945,Cincinnati Reds,61.0,93.0,396.0,37,,
1945,Philadelphia Phillies,46.0,108.0,299.0,52,,
1945,Team | Roster,,,,GB,,
1935,Team | Roster,,,,GB,,
1935,Chicago Cubs,100.0,54.0,649.0,0,,
1935,St. Louis Cardinals,96.0,58.0,623.0,4,,
1935,New York Giants,91.0,62.0,595.0,8½,,
1935,Pittsburgh Pirates,86.0,67.0,562.0,13½,,
1935,Brooklyn Dodgers,70.0,83.0,458.0,29½,,
1935,Cincinnati Reds,68.0,85.0,444.0,31½,,
1935,Philadelphia Phillies,64.0,89.0,418.0,35½,,
1935,Boston Braves,38.0,115.0,248.0,61½,,
1935,Team | Roster,,,,GB,,
2007,East,,,,Ties,WP,GB
2007,Philadelphia Phillies,89.0,73.0,0.0,.549,--,"""$89"
2007,New York Mets,88.0,74.0,0.0,.543,1,"""$115"
2007,Atlanta Braves,84.0,78.0,0.0,.519,5,"""$87"
2007,Washington Nationals,73.0,89.0,0.0,.451,16,"""$37"
2007,Florida Marlins,71.0,91.0,0.0,.438,18,"""$30"
2007,Central,,,,Ties,WP,GB
2007,Chicago Cubs,85.0,77.0,0.0,.525,--,"""$99"
2007,Milwaukee Brewers,83.0,79.0,0.0,.512,2,"""$70"
2007,St. Louis Cardinals,78.0,84.0,0.0,.481,7,"""$90"
2007,Houston Astros,73.0,89.0,0.0,.451,12,"""$87"
2007,Cincinnati Reds,72.0,90.0,0.0,.444,13,"""$68"
2007,Pittsburgh Pirates,68.0,94.0,0.0,.420,17,"""$38"
2007,West,,,,Ties,WP,GB
2007,Arizona Diamondbacks,90.0,72.0,0.0,.556,--,"""$52"
2007,Colorado Rockies,90.0,73.0,0.0,.552,½,"""$54"
2007,San Diego Padres,89.0,74.0,0.0,.546,1½,"""$58"
2007,Los Angeles Dodgers,82.0,80.0,0.0,.506,8,"""$108"
2007,San Francisco Giants,71.0,91.0,0.0,.438,19,"""$90"
2007,N.L.,,,,Ties,WP,GB
1929,Team [Click for roster],,,,GB,,
1929,Chicago Cubs,98.0,54.0,645.0,0,,
1929,Pittsburgh Pirates,88.0,65.0,575.0,10½,,
1929,New York Giants,84.0,67.0,556.0,13½,,
1929,St.Louis Cardinals,78.0,74.0,513.0,20,,
1929,Philadelphia Phillies,71.0,82.0,464.0,27½,,
1929,Brooklyn Robins,70.0,83.0,458.0,28½,,
1929,Cincinnati Reds,66.0,88.0,429.0,33,,
1929,Boston Braves,56.0,98.0,364.0,43,,
1959,Team [Click for roster],,,,GB,,
1959,Los Angeles Dodgers,88.0,68.0,654.0,0,,
1959,Milwaukee Braves,86.0,70.0,551.0,1,,
1959,San Francisco Giants,83.0,71.0,539.0,4,,
1959,Pittsburgh Pirates,78.0,76.0,506.0,9,,
1959,Chicago Cubs,74.0,80.0,481.0,13,,
1959,Cincinnati Reds,74.0,80.0,481.0,13,,
1959,St. Louis Cardinals,71.0,83.0,461.0,16,,
1959,Philadelphia Phillies,64.0,90.0,416.0,23,,
1907,Team | Roster,,,,WP,GB,
1907,Chicago Cubs,107.0,45.0,3.0,.704,0,
1907,Pittsburgh Pirates,91.0,63.0,3.0,.591,17,
1907,Philadelphia Phillies,83.0,64.0,2.0,.565,21½,
1907,New York Giants,82.0,71.0,2.0,.536,25½,
1907,Brooklyn Superbas,65.0,83.0,5.0,.439,40,
1907,Cincinnati Reds,66.0,87.0,3.0,.431,41½,
1907,Boston Doves,58.0,90.0,4.0,.392,47,
1907,St. Louis Cardinals,52.0,101.0,2.0,.340,55½,
1907,Team | Roster,,,,WP,GB,
1898,Team | Roster,,,,GB,,
1898,Boston Beaneaters,102.0,47.0,685.0,0,,
1898,Baltimore Orioles,96.0,53.0,644.0,6,,
1898,Cincinnati Reds,92.0,60.0,605.0,11½,,
1898,Chicago Orphans,85.0,65.0,567.0,17½,,
1898,Cleveland Spiders,81.0,68.0,544.0,21,,
1898,Philadelphia Phillies,78.0,71.0,523.0,24,,
1898,New York Giants,77.0,73.0,513.0,25½,,
1898,Pittsburgh Pirates,72.0,76.0,486.0,29½,,
1898,Louisville Colonels,70.0,81.0,464.0,33,,
1898,Brooklyn Bridegrooms,54.0,91.0,372.0,52½,,
1898,Washington Senators,51.0,101.0,336.0,52½,,
1898,St. Louis Browns,39.0,111.0,260.0,63½,,
1898,Team | Roster,,,,GB,,
1977,East,,,,WP,GB,
1977,Philadelphia Phillies,101.0,61.0,623.0,0,,
1977,Pittsburgh Pirates,96.0,66.0,593.0,5,,
1977,St. Louis Cardinals,83.0,79.0,512.0,18,,
1977,Chicago Cubs,81.0,81.0,500.0,20,,
1977,Montreal Expos,75.0,87.0,463.0,26,,
1977,New York Mets,64.0,98.0,395.0,37,,
1977,West,,,,WP,GB,
1977,Los Angeles Dodgers,98.0,64.0,605.0,0,,
1977,Cincinnati Reds,88.0,74.0,543.0,10,,
1977,Houston Astros,81.0,81.0,500.0,17,,
1977,San Francisco Giants,75.0,87.0,463.0,23,,
1977,San Diego Padres,69.0,93.0,426.0,29,,
1977,Atlanta Braves,61.0,101.0,377.0,37,,
1977,N.L.,,,,WP,GB,
1912,Team | Roster,,,,GB,,
1912,New York Giants,103.0,48.0,682.0,0,,
1912,Pittsburgh Pirates,93.0,58.0,616.0,10,,
1912,Chicago Cubs,91.0,59.0,607.0,11½,,
1912,Cincinnati Reds,75.0,78.0,490.0,29,,
1912,Philadelphia Phillies,73.0,79.0,480.0,30½,,
1912,St. Louis Cardinals,63.0,90.0,412.0,41,,
1912,Brooklyn Superbas,58.0,95.0,379.0,46,,
1912,Boston Braves,52.0,101.0,340.0,52,,
1912,Team | Roster,,,,GB,,
1962,Team | Roster,,,,GB,,
1962,San Francisco Giants,103.0,62.0,624.0,0,,
1962,Los Angeles Dodgers,102.0,63.0,618.0,1,,
1962,Cincinnati Reds,98.0,64.0,605.0,3½,,
1962,Pittsburgh Pirates,93.0,68.0,578.0,8,,
1962,Milwaukee Braves,86.0,76.0,531.0,15½,,
1962,St. Louis Cardinals,84.0,78.0,519.0,17½,,
1962,Philadelphia Phillies,81.0,80.0,503.0,20,,
1962,Houston Colt .45s,64.0,96.0,400.0,36½,,
1962,Chicago Cubs,59.0,103.0,364.0,42½,,
1962,New York Mets,40.0,120.0,250.0,60½,,
1962,Team | Roster,,,,GB,,
2012,East,,,,T,WP,GB
2012,Washington Nationals,98.0,64.0,0.0,.605,--,"""$81"
2012,Atlanta Braves,94.0,68.0,0.0,.580,4,"""$83"
2012,Philadelphia Phillies,81.0,81.0,0.0,.500,17,"""$174"
2012,New York Mets,74.0,88.0,0.0,.457,24,"""$93"
2012,Miami Marlins,69.0,93.0,0.0,.426,29,"""$118"
2012,Central,,,,T,WP,GB
2012,Cincinnati Reds,97.0,65.0,0.0,.599,--,"""$82"
2012,St. Louis Cardinals,88.0,74.0,0.0,.543,9,"""$110"
2012,Milwaukee Brewers,83.0,79.0,0.0,.512,14,"""$97"
2012,Pittsburgh Pirates,79.0,83.0,0.0,.488,18,"""$63"
2012,Chicago Cubs,61.0,101.0,0.0,.377,36,"""$88"
2012,Houston Astros,55.0,107.0,0.0,.340,42,"""$60"
2012,West,,,,T,WP,GB
2012,San Francisco Giants,94.0,68.0,0.0,.580,--,"""$117"
2012,Los Angeles Dodgers,86.0,76.0,0.0,.531,8,"""$95"
2012,Arizona Diamondbacks,81.0,81.0,0.0,.500,13,"""$74"
2012,San Diego Padres,76.0,86.0,0.0,.469,18,"""$55"
2012,Colorado Rockies,64.0,98.0,0.0,.395,30,"""$78"
2012,N.L.,,,,T,WP,GB
1950,Team [Click for roster],,,,GB,,
1950,Philadelphia Phillies,91.0,63.0,591.0,0,,
1950,Brooklyn Dodgers,89.0,65.0,578.0,2,,
1950,New York Giants,86.0,68.0,558.0,5,,
1950,Boston Braves,83.0,71.0,539.0,8,,
1950,St. Louis Cardinals,78.0,75.0,510.0,12½,,
1950,Cincinnati Reds,66.0,87.0,431.0,24½,,
1950,Chicago Cubs,64.0,89.0,418.0,26½,,
1950,Pittsburgh Pirates,57.0,96.0,373.0,33½,,
1920,Team | Roster,,,,GB,,
1920,Brooklyn Robins,93.0,61.0,604.0,0,,
1920,New York Giants,86.0,68.0,558.0,7,,
1920,Cincinnati Reds,82.0,71.0,536.0,10½,,
1920,Pittsburgh Pirates,79.0,75.0,513.0,14,,
1920,St. Louis Cardinals,75.0,79.0,487.0,18,,
1920,Chicago Cubs,75.0,79.0,487.0,18,,
1920,Boston Braves,62.0,90.0,408.0,30,,
1920,Philadelphia Phillies,62.0,91.0,405.0,30½,,
1920,Team | Roster,,,,GB,,
1983,East,,,,WP,GB,
1983,Philadelphia Phillies,90.0,72.0,556.0,0,,
1983,Pittsburgh Pirates,84.0,78.0,519.0,6,,
1983,Montreal Expos,82.0,80.0,506.0,8,,
1983,St. Louis Cardinals,79.0,83.0,488.0,11,,
1983,Chicago Cubs,71.0,91.0,438.0,19,,
1983,New York Mets,68.0,94.0,420.0,22,,
1983,West,,,,WP,GB,
1983,Los Angeles Dodgers,91.0,71.0,562.0,0,,
1983,Atlanta Braves,88.0,74.0,543.0,3,,
1983,Houston Astros,85.0,77.0,525.0,6,,
1983,San Diego Padres,81.0,81.0,500.0,10,,
1983,San Francisco Giants,79.0,83.0,488.0,12,,
1983,Cincinnati Reds,74.0,88.0,457.0,17,,
1983,N.L.,,,,WP,GB,
2020,East,,,,T,WP,GB
2020,Atlanta Braves,35.0,25.0,0.0,.583,--,
2020,Miami Marlins,31.0,29.0,0.0,.517,4.0,
2020,Philadelphia Phillies,28.0,32.0,0.0,.467,7.0,
2020,New York Mets,26.0,34.0,0.0,.433,9.0,
2020,Washington Nationals,26.0,34.0,0.0,.433,9.0,
2020,Central,,,,T,WP,GB
2020,Chicago Cubs,34.0,26.0,0.0,.567,--,
2020,Cincinnati Reds,31.0,29.0,0.0,.517,3.0,
2020,St. Louis Cardinals,30.0,28.0,0.0,.517,3.0,
2020,Milwaukee Brewers,29.0,31.0,0.0,.483,5.0,
2020,Pittsburgh Pirates,19.0,41.0,0.0,.317,15.0,
2020,West,,,,T,WP,GB
2020,Los Angeles Dodgers,43.0,17.0,0.0,.717,--,
2020,San Diego Padres,37.0,23.0,0.0,.617,6.0,
2020,San Francisco Giants,29.0,31.0,0.0,.483,14.0,
2020,Colorado Rockies,26.0,34.0,0.0,.433,17.0,
2020,Arizona Diamondbacks,25.0,35.0,0.0,.417,18.0,
2020,N.L.,,,,T,WP,GB
1891,Team | Roster,,,,GB,,
1891,Boston Beaneaters,87.0,51.0,630.0,0,,
1891,Chicago Colts,82.0,53.0,607.0,3½,,
1891,New York Giants,71.0,61.0,538.0,13,,
1891,Philadelphia Phillies,68.0,69.0,496.0,18½,,
1891,Cleveland Spiders,65.0,74.0,468.0,22½,,
1891,Brooklyn Bridegrooms,61.0,76.0,455.0,25½,,
1891,Cincinnati Reds,56.0,81.0,409.0,30½,,
1891,Pittsburgh Pirates,55.0,80.0,407.0,30½,,
1891,Team | Roster,,,,GB,,
1949,Team [Click for roster],,,,GB,,
1949,Brooklyn Dodgers,97.0,57.0,630.0,0,,
1949,St. Louis Cardinals,96.0,58.0,623.0,1,,
1949,Philadelphia Phillies,81.0,73.0,526.0,16,,
1949,Boston Braves,75.0,79.0,487.0,22,,
1949,New York Giants,73.0,81.0,474.0,24,,
1949,Pittsburgh Pirates,71.0,83.0,461.0,26,,
1949,Cincinnati Reds,62.0,92.0,403.0,35,,
1949,Chicago Cubs,61.0,93.0,396.0,36,,
1939,Team [Click for roster],,,,GB,,
1939,Cincinnati Reds,97.0,57.0,630.0,0,,
1939,St. Louis Cardinals,92.0,61.0,601.0,4½,,
1939,Brooklyn Dodgers,84.0,69.0,549.0,12½,,
1939,Chicago Cubs,84.0,70.0,545.0,13,,
1939,New York Giants,77.0,74.0,510.0,18½,,
1939,Pittsburgh Pirates,68.0,85.0,444.0,28½,,
1939,Boston Bees,63.0,88.0,417.0,32½,,
1939,Philadelphia Phillies,45.0,106.0,298.0,50½,,
2017,East,,,,Ties,WP,GB
2017,Washington Nationals,97.0,65.0,0.0,.599,--,
2017,Miami Marlins,77.0,85.0,0.0,.475,20.0,
2017,Atlanta Braves,72.0,90.0,0.0,.444,24.0,
2017,New York Mets,70.0,92.0,0.0,.432,27.0,
2017,Philadelphia Phillies,66.0,96.0,0.0,.407,31.0,
2017,Central,,,,Ties,WP,GB
2017,Chicago Cubs,92.0,70.0,0.0,.568,--,
2017,Milwaukee Brewers,86.0,76.0,0.0,.531,6.0,
2017,St. Louis Cardinals,83.0,79.0,0.0,.512,9.0,
2017,Pittsburgh Pirates,75.0,87.0,0.0,.463,17.0,
2017,Cincinnati Reds,68.0,94.0,0.0,.420,24.0,
2017,West,,,,Ties,WP,GB
2017,Los Angeles Dodgers,104.0,58.0,0.0,.642,--,
2017,Arizona Diamondbacks,93.0,69.0,0.0,.574,11.0,
2017,Colorado Rockies,87.0,75.0,0.0,.537,17.0,
2017,San Diego Padres,71.0,91.0,0.0,.438,33.0,
2017,San Francisco Giants,64.0,98.0,0.0,.395,40.0,
1967,Team | Roster,,,,GB,,
1967,St. Louis Cardinals,101.0,60.0,627.0,0,,
1967,San Francisco Giants,91.0,71.0,562.0,10½,,
1967,Chicago Cubs,84.0,74.0,540.0,14,,
1967,Cincinnati Reds,87.0,75.0,537.0,14½,,
1967,Philadelphia Phillies,82.0,80.0,506.0,19½,,
1967,Pittsburgh Pirates,81.0,81.0,500.0,20½,,
1967,Atlanta Braves,77.0,85.0,475.0,24½,,
1967,Los Angeles Dodgers,73.0,89.0,451.0,28½,,
1967,Houston Astros,69.0,93.0,426.0,32½,,
1967,New York Mets,61.0,101.0,377.0,40½,,
1967,Team | Roster,,,,GB,,
1888,Team [Click for roster],,,,GB,,
1888,New York Giants,84.0,47.0,641.0,0,,
1888,Chicago White Stockings,77.0,58.0,570.0,9,,
1888,Philadelphia Phillies,69.0,61.0,531.0,14½,,
1888,Boston Beaneaters,70.0,64.0,522.0,15½,,
1888,Detroit Wolverines,68.0,63.0,519.0,16,,
1888,Pittsburgh Alleghenys,66.0,68.0,493.0,19½,,
1888,Indianapolis Hoosiers,50.0,85.0,370.0,36,,
1888,Washington Senators,48.0,86.0,358.0,37½,,
1917,Team | Roster,,,,GB,,
1917,New York Giants,98.0,56.0,636.0,0,,
1917,Philadelphia Phillies,87.0,65.0,572.0,10,,
1917,St. Louis Cardinals,82.0,70.0,539.0,15,,
1917,Cincinnati Reds,78.0,76.0,506.0,20,,
1917,Chicago Cubs,74.0,80.0,481.0,24,,
1917,Boston Braves,72.0,81.0,471.0,25½,,
1917,Brooklyn Robins,70.0,81.0,464.0,26½,,
1917,Pittsburgh Pirates,51.0,103.0,331.0,47,,
1917,Team | Roster,,,,GB,,
1894,Team | Roster,,,,GB,,
1894,Baltimore Orioles,89.0,39.0,695.0,0,,
1894,New York Giants,88.0,44.0,667.0,3,,
1894,Boston Beaneaters,83.0,49.0,629.0,8,,
1894,Philadelphia Phillies,71.0,57.0,555.0,18,,
1894,Brooklyn Bridegrooms,70.0,61.0,534.0,20½,,
1894,Cleveland Spiders,68.0,61.0,527.0,21½,,
1894,Pittsburgh Pirates,65.0,65.0,500.0,25,,
1894,Chicago Colts,57.0,75.0,432.0,34,,
1894,St. Louis Browns,56.0,76.0,424.0,35,,
1894,Cincinnati Reds,55.0,75.0,423.0,35,,
1894,Washington Senators,45.0,87.0,341.0,46,,
1894,Louisville Colonels,36.0,94.0,277.0,54,,
1894,Team | Roster,,,,GB,,
2025,East,,,,T,WP,GB
2025,Philadelphia Phillies,46.0,30.0,0.0,.605,-,
2025,New York Mets,45.0,31.0,0.0,.592,1.0,
2025,Atlanta Braves,34.0,40.0,0.0,.459,11.0,
2025,Washington Nationals,31.0,45.0,0.0,.408,15.0,
2025,Miami Marlins,30.0,44.0,0.0,.405,15.0,
2025,Central,,,,T,WP,GB
2025,Chicago Cubs,45.0,30.0,0.0,.600,-,
2025,Milwaukee Brewers,41.0,35.0,0.0,.539,4.5,
2025,St. Louis Cardinals,41.0,35.0,0.0,.539,4.5,
2025,Cincinnati Reds,39.0,37.0,0.0,.513,6.5,
2025,Pittsburgh Pirates,30.0,47.0,0.0,.390,16.0,
2025,West,,,,T,WP,GB
2025,Los Angeles Dodgers,47.0,30.0,0.0,.610,-,
2025,San Francisco Giants,42.0,34.0,0.0,.553,4.5,
2025,San Diego Padres,40.0,35.0,0.0,.533,6.0,
2025,Arizona Diamondbacks,38.0,37.0,0.0,.507,8.0,
2025,Colorado Rockies,17.0,59.0,0.0,.224,29.5,
2025,N.L.,,,,T,WP,GB
1986,East,,,,WP,GB,Payroll
1986,New York Mets,108.0,54.0,667.0,0,"""$13",597
1986,Philadelphia Phillies,86.0,75.0,534.0,21½,"""$11",715
1986,St. Louis Cardinals,79.0,82.0,491.0,28½,"""$9",481
1986,Montreal Expos,78.0,83.0,484.0,29½,"""$11",937
1986,Chicago Cubs,70.0,90.0,438.0,37,"""$16",904
1986,Pittsburgh Pirates,64.0,98.0,395.0,44,"""$10",231
1986,West,,,,WP,GB,Payroll
1986,Houston Astros,96.0,66.0,593.0,0,"""$10",368
1986,Cincinnati Reds,86.0,76.0,531.0,10,"""$11",785
1986,San Francisco Giants,83.0,79.0,512.0,13,"""$8",682
1986,San Diego Padres,74.0,88.0,457.0,22,"""$11",897
1986,Los Angeles Dodgers,73.0,89.0,451.0,23,"""$15",471
1986,Atlanta Braves,72.0,89.0,447.0,23½,"""$17",940
1925,Team [Click for roster],,,,GB,,
1925,Pittsburgh Pirates,95.0,58.0,621.0,0,,
1925,New York Giants,86.0,66.0,566.0,8½,,
1925,Cincinnati Reds,80.0,73.0,523.0,15,,
1925,St. Louis Cardinals,77.0,76.0,503.0,18,,
1925,Boston Braves,70.0,83.0,458.0,25,,
1925,Philadelphia Phillies,68.0,85.0,444.0,27,,
1925,Brooklyn Robins,68.0,85.0,444.0,27,,
1925,Chicago Cubs,68.0,86.0,442.0,27½,,
1955,Team [Click for roster],,,,GB,,
1955,Brooklyn Dodgers,98.0,55.0,641.0,0,,
1955,Milwaukee Braves,85.0,69.0,552.0,13½,,
1955,New York Giants,80.0,74.0,519.0,18½,,
1955,Philadelphia Phillies,77.0,77.0,500.0,21½,,
1955,Cincinnati Redlegs,75.0,79.0,487.0,23½,,
1955,Chicago Cubs,72.0,81.0,471.0,26,,
1955,St. Louis Cardinals,68.0,86.0,442.0,30½,,
1955,Pittsburgh Pirates,60.0,94.0,390.0,38½,,
1930,Team | Roster,,,,GB,,
1930,St. Louis Cardinals,92.0,62.0,597.0,0,,
1930,Chicago Cubs,90.0,64.0,584.0,2,,
1930,New York Giants,87.0,67.0,565.0,5,,
1930,Brooklyn Robins,86.0,68.0,558.0,6,,
1930,Pittsburgh Pirates,80.0,74.0,519.0,12,,
1930,Boston Braves,70.0,84.0,455.0,22,,
1930,Cincinnati Reds,59.0,95.0,383.0,33,,
1930,Philadelphia Phillies,52.0,102.0,338.0,40,,
1930,Team | Roster,,,,GB,,
1940,Team [Click for roster],,,,GB,,
1940,Cincinnati Reds,100.0,53.0,654.0,0,,
1940,Brooklyn Dodgers,88.0,65.0,575.0,12,,
1940,St. Louis Cardinals,84.0,69.0,549.0,16,,
1940,Pittsburgh Pirates,78.0,76.0,506.0,22½,,
1940,Chicago Cubs,75.0,79.0,487.0,25½,,
1940,New York Giants,72.0,80.0,474.0,27½,,
1940,Boston Bees,65.0,87.0,428.0,34½,,
1940,Philadelphia Phillies,50.0,103.0,327.0,50,,
1881,Team | Roster,,,,GB,,
1881,Chicago White Stockings,56.0,28.0,667.0,0,,
1881,Providence Grays,47.0,37.0,560.0,9,,
1881,Buffalo Bisons,45.0,38.0,542.0,10½,,
1881,Detroit Wolverines,41.0,43.0,488.0,15,,
1881,Troy Trojans,39.0,45.0,464.0,17,,
1881,Boston Red Caps,38.0,45.0,458.0,17½,,
1881,Cleveland Blues,36.0,48.0,429.0,20,,
1881,Worcester Ruby Legs,32.0,50.0,390.0,23,,
1881,Team | Roster,,,,GB,,
1993,East,,,,WP,GB,Payroll
1993,Philadelphia Phillies,97.0,65.0,599.0,0,"""$28",695
1993,Montreal Expos,94.0,68.0,580.0,3,"""$17",622
1993,St. Louis Cardinals,87.0,75.0,537.0,10,"""$24",190
1993,Chicago Cubs,84.0,78.0,519.0,13,"""$36",005
1993,Pittsburgh Pirates,75.0,87.0,463.0,22,"""$24",318
1993,Florida Marlins,64.0,98.0,395.0,33,"""$21",172
1993,New York Mets,59.0,103.0,364.0,38,"""$40",822
1993,West,,,,WP,GB,Payroll
1993,Atlanta Braves,104.0,58.0,642.0,0,"""$47",206
1993,San Francisco Giants,103.0,59.0,636.0,1,"""$36",342
1993,Houston Astros,85.0,77.0,525.0,19,"""$30",130
1993,Los Angeles Dodgers,81.0,81.0,500.0,23,"""$33",529
1993,Cincinnati Reds,73.0,89.0,451.0,31,"""$41",641
1993,Colorado Rockies,67.0,95.0,414.0,37,"""$14",872
1993,San Diego Padres,61.0,101.0,377.0,43,"""$12",842
1972,East,,,,WP,GB,
1972,Pittsburgh Pirates,96.0,59.0,619.0,0,,
1972,Chicago Cubs,85.0,70.0,548.0,11,,
1972,New York Mets,83.0,73.0,532.0,13½,,
1972,St. Louis Cardinals,75.0,81.0,481.0,21½,,
1972,Montreal Expos,70.0,86.0,449.0,26½,,
1972,Philadelphia Phillies,59.0,97.0,378.0,37½,,
1972,West,,,,WP,GB,
1972,Cincinnati Reds,95.0,59.0,617.0,0,,
1972,Houston Astros,84.0,69.0,549.0,10½,,
1972,Los Angeles Dodgers,85.0,70.0,548.0,10½,,
1972,Atlanta Braves,70.0,84.0,455.0,25,,
1972,San Francisco Giants,69.0,86.0,445.0,26½,,
1972,San Diego Padres,58.0,95.0,379.0,36½,,
1972,N.L.,,,,WP,GB,
1902,Team | Roster,,,,GB,,
1902,Pittsburgh Pirates,103.0,36.0,741.0,0,,
1902,Brooklyn Superbas,75.0,63.0,543.0,27½,,
1902,Boston Beaneaters,73.0,64.0,533.0,29,,
1902,Cincinnati Reds,70.0,70.0,500.0,33½,,
1902,Chicago Cubs,68.0,69.0,496.0,34,,
1902,St. Louis Cardinals,56.0,78.0,418.0,44½,,
1902,Philadelphia Phillies,56.0,81.0,409.0,46,,
1902,New York Giants,48.0,88.0,353.0,53½,,
1902,Team | Roster,,,,GB,,
2002,East,,,,WP,GB,Payroll
2002,Atlanta Braves,101.0,59.0,631.0,--,"""$93",470
2002,Montreal Expos,83.0,79.0,512.0,19,"""$38",670
2002,Philadelphia Phillies,80.0,81.0,497.0,21½,"""$57",955
2002,Florida Marlins,79.0,83.0,488.0,23,"""$41",979
2002,New York Mets,75.0,86.0,466.0,26½,"""$94",633
2002,Central,,,,WP,GB,Payroll
2002,St. Louis Cardinals,97.0,65.0,599.0,--,"""$74",098
2002,Houston Astros,84.0,78.0,519.0,13,"""$63",448
2002,Cincinnati Reds,78.0,84.0,481.0,19,"""$45",050
2002,Pittsburgh Pirates,72.0,89.0,447.0,24½,"""$42",323
2002,Chicago Cubs,67.0,95.0,414.0,30,"""$75",690
2002,Milwaukee Brewers,56.0,106.0,346.0,41,"""$50",287
2002,West,,,,WP,GB,Payroll
2002,Arizona Diamondbacks,98.0,64.0,605.0,--,"""$102",820
2002,San Francisco Giants,95.0,66.0,590.0,2½,"""$78",299
2002,Los Angeles Dodgers,92.0,70.0,568.0,6,"""$94",850
2002,Colorado Rockies,73.0,89.0,451.0,25,"""$56",851
2002,San Diego Padres,66.0,96.0,407.0,32,"""$41",425
