Year,Statistic,Team,#
1877,Complete Games,Boston,61.0
1877,ERA,Boston,2.15
1877,Fewest Hits Allowed,Boston,557.0
1877,Fewest Home Runs Allowed,Hartford,2.0
1877,Fewest Walks Allowed,Boston,38.0
1877,Saves,Chicago,3.0
1877,Shutouts,Boston,7.0
1877,Strikeouts,Boston,177.0
1915,Complete Games,Philadelphia,98.0
1915,ERA,Philadelphia,2.17
1915,Fewest Hits Allowed,Philadelphia,1161.0
1915,Fewest Home Runs Allowed,Pittsburgh,21.0
1915,Fewest Walks Allowed,New York,325.0
1915,Saves,Boston,13.0
1915,Shutouts,Philadelphia,20.0
1915,Strikeouts,Chicago,657.0
1998,Complete Games,Atlanta,24.0
1998,ERA,Atlanta,3.25
1998,Fewest Hits Allowed,Atlanta,1291.0
1998,Fewest Home Runs Allowed,Atlanta,117.0
1998,Fewest Walks Allowed,Houston,465.0
1998,Saves,San Diego,59.0
1998,Shutouts,Atlanta,23.0
1998,Strikeouts,Atlanta,1232.0
1965,Complete Games,Los Angeles,58.0
1965,ERA,Los Angeles,2.81
1965,Fewest Hits Allowed,Los Angeles,1223.0
1965,Fewest Home Runs Allowed,Pittsburgh,89.0
1965,Fewest Walks Allowed,Houston,388.0
1965,Saves,San Francisco,42.0
1965,Shutouts,Los Angeles,23.0
1965,Strikeouts,Cincinnati,1113.0
1957,Complete Games,Milwaukee,60.0
1957,ERA,Brooklyn,3.35
1957,Fewest Hits Allowed,Brooklyn,1285.0
1957,Fewest Home Runs Allowed,Milwaukee,124.0
1957,Fewest Walks Allowed,Philadelphia,412.0
1957,Saves,Brooklyn,29.0
1957,Shutouts,Brooklyn,18.0
1957,Strikeouts,Brooklyn,891.0
1927,Complete Games,Pittsburgh,90.0
1927,ERA,Brooklyn,3.36
1927,Fewest Hits Allowed,Brooklyn,1382.0
1927,Fewest Home Runs Allowed,Cincinnati,36.0
1927,Fewest Walks Allowed,Cincinnati,316.0
1927,Saves,New York,16.0
1927,Shutouts,St. Louis,14.0
1927,Strikeouts,Brooklyn,574.0
1979,Complete Games,Houston,55.0
1979,ERA,Montreal,3.15
1979,Fewest Hits Allowed,Houston,1278.0
1979,Fewest Home Runs Allowed,Houston,90.0
1979,Fewest Walks Allowed,Montreal,450.0
1979,Saves,Pittsburgh,52.0
1979,Shutouts,Houston,19.0
1979,Strikeouts,Chicago,933.0
1984,Complete Games,Los Angeles,39.0
1984,ERA,Pittsburgh,3.11
1984,Fewest Hits Allowed,San Diego,1327.0
1984,Fewest Home Runs Allowed,Los Angeles,76.0
1984,Fewest Walks Allowed,Chicago,442.0
1984,Saves,St. Louis,51.0
1984,Shutouts,San Diego,17.0
1984,Strikeouts,Los Angeles,1033.0
1896,Complete Games,Chicago,118.0
1896,ERA,Cleveland,3.46
1896,Fewest Hits Allowed,Cincinnati,1240.0
1896,Fewest Home Runs Allowed,Pittsburgh,18.0
1896,Fewest Walks Allowed,Cleveland,280.0
1896,Saves,Cleveland,5.0
1896,Shutouts,Cincinnati,11.0
1896,Strikeouts,Pittsburgh,362.0
1909,Complete Games,Brooklyn,126.0
1909,ERA,Chicago,1.75
1909,Fewest Hits Allowed,Chicago,1094.0
1909,Fewest Home Runs Allowed,Cincinnati,5.0
1909,Fewest Walks Allowed,Pittsburgh,320.0
1909,Saves,New York,15.0
1909,Shutouts,Chicago,32.0
1909,Strikeouts,New York,735.0
1991,Complete Games,Atlanta,18.0
1991,ERA,Los Angeles,3.06
1991,Fewest Hits Allowed,Atlanta,1304.0
1991,Fewest Home Runs Allowed,Los Angeles,96.0
1991,Fewest Walks Allowed,Pittsburgh,401.0
1991,Saves,Pittsburgh,51.0
1991,Shutouts,Los Angeles,14.0
1991,Strikeouts,Houston,1033.0
1883,Complete Games,Cleveland,92.0
1883,ERA,Cleveland,2.22
1883,Fewest Hits Allowed,Cleveland,818.0
1883,Fewest Home Runs Allowed,Cleveland,7.0
1883,Fewest Walks Allowed,Boston,90.0
1883,Saves,Boston,3.0
1883,Shutouts,Boston,6.0
1883,Strikeouts,Boston,538.0
1942,Complete Games,Cincinnati,80.0
1942,ERA,St. Louis,2.55
1942,Fewest Hits Allowed,St. Louis,1192.0
1942,Fewest Home Runs Allowed,Cincinnati,47.0
1942,Fewest Walks Allowed,Pittsburgh,435.0
1942,Saves,Brooklyn,24.0
1942,Shutouts,St. Louis,18.0
1942,Strikeouts,St. Louis,651.0
1932,Complete Games,Cincinnati,83.0
1932,ERA,Chicago,3.45
1932,Fewest Hits Allowed,Chicago,1444.0
1932,Fewest Home Runs Allowed,Boston,61.0
1932,Fewest Walks Allowed,Cincinnati,276.0
1932,Saves,Philadelphia,17.0
1932,Shutouts,St. Louis,13.0
1932,Strikeouts,St. Louis,681.0
2000,Complete Games,Arizona,16.0
2000,ERA,Atlanta,4.06
2000,Fewest Hits Allowed,Los Angeles,1379.0
2000,Fewest Home Runs Allowed,San Francisco,151.0
2000,Fewest Walks Allowed,Atlanta,484.0
2000,Saves,Atlanta,53.0
2000,Shutouts,San Francisco,15.0
2000,Strikeouts,Arizona,1220.0
1900,Complete Games,Chicago,137.0
1900,ERA,Pittsburgh,3.06
1900,Fewest Hits Allowed,Pittsburgh,1232.0
1900,Fewest Home Runs Allowed,Chicago,21.0
1900,Fewest Walks Allowed,Pittsburgh,295.0
1900,Saves,Brooklyn,4.0
1900,Shutouts,St. Louis,12.0
1900,Strikeouts,Pittsburgh,415.0
1970,Complete Games,Chicago,59.0
1970,ERA,New York,3.45
1970,Fewest Hits Allowed,New York,1260.0
1970,Fewest Home Runs Allowed,St. Louis,102.0
1970,Fewest Walks Allowed,Chicago,475.0
1970,Saves,Cincinnati,60.0
1970,Shutouts,Los Angeles,17.0
1970,Strikeouts,New York,1064.0
1937,Complete Games,Boston,85.0
1937,ERA,Boston,3.22
1937,Fewest Hits Allowed,New York,1341.0
1937,Fewest Home Runs Allowed,Cincinnati,38.0
1937,Fewest Walks Allowed,Boston,372.0
1937,Saves,Cincinnati,18.0
1937,Shutouts,Boston,16.0
1937,Strikeouts,New York,653.0
1947,Complete Games,Boston,74.0
1947,ERA,St. Louis,3.53
1947,Fewest Hits Allowed,Brooklyn,1299.0
1947,Fewest Home Runs Allowed,Boston,93.0
1947,Fewest Walks Allowed,Boston,453.0
1947,Saves,Brooklyn,34.0
1947,Shutouts,Boston,14.0
1947,Strikeouts,St. Louis,642.0
1919,Complete Games,Brooklyn,98.0
1919,ERA,Chicago,2.21
1919,Fewest Hits Allowed,Cincinnati,1104.0
1919,Fewest Home Runs Allowed,Chicago,14.0
1919,Fewest Walks Allowed,Pittsburgh,263.0
1919,Saves,New York,13.0
1919,Shutouts,Cincinnati,23.0
1919,Strikeouts,Chicago,495.0
1886,Complete Games,Detroit,122.0
1886,ERA,Philadelphia,2.45
1886,Fewest Hits Allowed,Philadelphia,923.0
1886,Fewest Home Runs Allowed,Detroit,20.0
1886,Fewest Walks Allowed,Kansas City,246.0
1886,Saves,Chicago,3.0
1886,Shutouts,Philadelphia,10.0
1886,Strikeouts,Chicago,647.0
1994,Complete Games,Atlanta,16.0
1994,ERA,Montreal,3.56
1994,Fewest Hits Allowed,Atlanta,929.0
1994,Fewest Home Runs Allowed,Atlanta,76.0
1994,Fewest Walks Allowed,Montreal,288.0
1994,Saves,Montreal,46.0
1994,Shutouts,Atlanta,8.0
1994,Strikeouts,Atlanta,865.0
1969,Complete Games,San Francisco,71.0
1969,ERA,St. Louis,2.94
1969,Fewest Hits Allowed,New York,1217.0
1969,Fewest Home Runs Allowed,Pittsburgh,96.0
1969,Fewest Walks Allowed,Los Angeles,420.0
1969,Saves,Cincinnati,44.0
1969,Shutouts,New York,28.0
1969,Strikeouts,Houston,1221.0
1975,Complete Games,Los Angeles,51.0
1975,ERA,Los Angeles,2.93
1975,Fewest Hits Allowed,Los Angeles,1215.0
1975,Fewest Home Runs Allowed,Pittsburgh,79.0
1975,Fewest Walks Allowed,Los Angeles,448.0
1975,Saves,Cincinnati,50.0
1975,Shutouts,Los Angeles,18.0
1975,Strikeouts,New York,989.0
1988,Complete Games,Los Angeles,32.0
1988,ERA,New York,2.91
1988,Fewest Hits Allowed,New York,1253.0
1988,Fewest Home Runs Allowed,New York,78.0
1988,Fewest Walks Allowed,New York,404.0
1988,Saves,Los Angeles,49.0
1988,Shutouts,Los Angeles,24.0
1988,Strikeouts,New York,1100.0
1905,Complete Games,Boston,139.0
1905,ERA,Chicago,2.04
1905,Fewest Hits Allowed,Chicago,1135.0
1905,Fewest Home Runs Allowed,Pittsburgh,12.0
1905,Fewest Walks Allowed,New York,364.0
1905,Saves,New York,15.0
1905,Shutouts,Chicago,23.0
1905,Strikeouts,New York,760.0
1960,Complete Games,Milwaukee,55.0
1960,ERA,Los Angeles,3.4
1960,Fewest Hits Allowed,Los Angeles,1218.0
1960,Fewest Home Runs Allowed,Pittsburgh,105.0
1960,Fewest Walks Allowed,Pittsburgh,386.0
1960,Saves,Cincinnati,35.0
1960,Shutouts,San Francisco,16.0
1960,Strikeouts,Los Angeles,1122.0
1910,Complete Games,Brooklyn,103.0
1910,ERA,Chicago,2.51
1910,Fewest Hits Allowed,Chicago,1171.0
1910,Fewest Home Runs Allowed,Brooklyn,17.0
1910,Fewest Walks Allowed,Pittsburgh,392.0
1910,Saves,St. Louis,14.0
1910,Shutouts,Chicago,25.0
1910,Strikeouts,New York,717.0
1893,Complete Games,Boston,114.0
1893,ERA,St. Louis,4.06
1893,Fewest Hits Allowed,Pittsburgh,1232.0
1893,Fewest Home Runs Allowed,Chicago,26.0
1893,Fewest Walks Allowed,Cleveland,356.0
1893,Saves,Chicago,5.0
1893,Shutouts,Pittsburgh,8.0
1893,Strikeouts,New York,395.0
1981,Complete Games,Los Angeles,26.0
1981,ERA,Houston,2.67
1981,Fewest Hits Allowed,Houston,842.0
1981,Fewest Home Runs Allowed,Houston,40.0
1981,Fewest Walks Allowed,Montreal,268.0
1981,Saves,San Francisco,33.0
1981,Shutouts,Houston,19.0
1981,Strikeouts,Houston,610.0
1922,Complete Games,Cincinnati,88.0
1922,ERA,New York,3.45
1922,Fewest Hits Allowed,New York,1454.0
1922,Fewest Home Runs Allowed,Cincinnati,49.0
1922,Fewest Walks Allowed,Cincinnati,326.0
1922,Saves,New York,15.0
1922,Shutouts,Pittsburgh,15.0
1922,Strikeouts,Brooklyn,499.0
1952,Complete Games,Philadelphia,80.0
1952,ERA,Philadelphia,3.07
1952,Fewest Hits Allowed,Chicago,1265.0
1952,Fewest Home Runs Allowed,Philadelphia,96.0
1952,Fewest Walks Allowed,Philadelphia,373.0
1952,Saves,New York,31.0
1952,Shutouts,Philadelphia,17.0
1952,Strikeouts,Brooklyn,773.0
1921,Complete Games,Pittsburgh,88.0
1921,ERA,Pittsburgh,3.17
1921,Fewest Hits Allowed,Pittsburgh,1448.0
1921,Fewest Home Runs Allowed,Pittsburgh,37.0
1921,Fewest Walks Allowed,New York,295.0
1921,Saves,New York,18.0
1921,Shutouts,Boston,11.0
1921,Strikeouts,Pittsburgh,500.0
1951,Complete Games,Boston,73.0
1951,ERA,New York,3.48
1951,Fewest Hits Allowed,New York,1334.0
1951,Fewest Home Runs Allowed,Boston,96.0
1951,Fewest Walks Allowed,New York,482.0
1951,Saves,Cincinnati,23.0
1951,Shutouts,Philadelphia,19.0
1951,Strikeouts,Brooklyn,693.0
1890,Complete Games,Boston,132.0
1890,ERA,Cincinnati,2.79
1890,Fewest Hits Allowed,New York,1029.0
1890,Fewest Home Runs Allowed,New York,14.0
1890,Fewest Walks Allowed,Boston,354.0
1890,Saves,Chicago,3.0
1890,Shutouts,Boston,13.0
1890,Strikeouts,New York,612.0
1982,Complete Games,Philadelphia,38.0
1982,ERA,Los Angeles,3.26
1982,Fewest Hits Allowed,Houston,1338.0
1982,Fewest Home Runs Allowed,Los Angeles,81.0
1982,Fewest Walks Allowed,Montreal,448.0
1982,Saves,Atlanta,51.0
1982,Shutouts,Houston,16.0
1982,Strikeouts,Philadelphia,1002.0
1963,Complete Games,Milwaukee,56.0
1963,ERA,Los Angeles,2.86
1963,Fewest Hits Allowed,Philadelphia,1262.0
1963,Fewest Home Runs Allowed,Houston,95.0
1963,Fewest Walks Allowed,Houston,378.0
1963,Saves,Cincinnati,36.0
1963,Shutouts,Los Angeles,24.0
1963,Strikeouts,Los Angeles,1095.0
1913,Complete Games,Boston,105.0
1913,ERA,New York,2.43
1913,Fewest Hits Allowed,New York,1276.0
1913,Fewest Home Runs Allowed,Pittsburgh,26.0
1913,Fewest Walks Allowed,New York,315.0
1913,Saves,New York,17.0
1913,Shutouts,Philadelphia,20.0
1913,Strikeouts,Philadelphia,667.0
1958,Complete Games,Milwaukee,72.0
1958,ERA,Milwaukee,3.22
1958,Fewest Hits Allowed,Milwaukee,1261.0
1958,Fewest Home Runs Allowed,Pittsburgh,123.0
1958,Fewest Walks Allowed,Cincinnati,419.0
1958,Saves,Pittsburgh,41.0
1958,Shutouts,Milwaukee,16.0
1958,Strikeouts,Los Angeles,855.0
1928,Complete Games,St. Louis,83.0
1928,ERA,Brooklyn,3.25
1928,Fewest Hits Allowed,Brooklyn,1378.0
1928,Fewest Home Runs Allowed,Chicago,56.0
1928,Fewest Walks Allowed,St. Louis,399.0
1928,Saves,St. Louis,21.0
1928,Shutouts,Brooklyn,16.0
1928,Strikeouts,Brooklyn,551.0
1976,Complete Games,New York,53.0
1976,ERA,New York,2.94
1976,Fewest Hits Allowed,New York,1248.0
1976,Fewest Home Runs Allowed,San Francisco,68.0
1976,Fewest Walks Allowed,Philadelphia,397.0
1976,Saves,Cincinnati,45.0
1976,Shutouts,New York,18.0
1976,Strikeouts,New York,1025.0
1906,Complete Games,Boston,137.0
1906,ERA,Chicago,1.75
1906,Fewest Hits Allowed,Chicago,1018.0
1906,Fewest Home Runs Allowed,Chicago,12.0
1906,Fewest Walks Allowed,Pittsburgh,309.0
1906,Saves,New York,18.0
1906,Shutouts,Chicago,30.0
1906,Strikeouts,Chicago,702.0
1899,Complete Games,Chicago,147.0
1899,ERA,Brooklyn,3.25
1899,Fewest Hits Allowed,Boston,1273.0
1899,Fewest Home Runs Allowed,Baltimore,13.0
1899,Fewest Walks Allowed,St. Louis,321.0
1899,Saves,Brooklyn,9.0
1899,Shutouts,Philadelphia,15.0
1899,Strikeouts,New York,397.0
1885,Complete Games,Boston,111.0
1885,ERA,New York,1.72
1885,Fewest Hits Allowed,New York,758.0
1885,Fewest Home Runs Allowed,New York,11.0
1885,Fewest Walks Allowed,Boston,188.0
1885,Saves,Chicago,4.0
1885,Shutouts,New York,16.0
1885,Strikeouts,New York,516.0
1878,Complete Games,Cincinnati,61.0
1878,ERA,Cincinnati,1.84
1878,Fewest Hits Allowed,Cincinnati,546.0
1878,Fewest Home Runs Allowed,Cincinnati,2.0
1878,Fewest Walks Allowed,Chicago,35.0
1878,Saves,Indianapolis,1.0
1878,Shutouts,Boston,9.0
1878,Strikeouts,Cincinnati,220.0
1997,Complete Games,Montreal,27.0
1997,ERA,Atlanta,3.18
1997,Fewest Hits Allowed,Atlanta,1319.0
1997,Fewest Home Runs Allowed,Atlanta,111.0
1997,Fewest Walks Allowed,Atlanta,450.0
1997,Saves,New York,49.0
1997,Shutouts,Atlanta,17.0
1997,Strikeouts,Los Angeles,1232.0
1934,Complete Games,St. Louis,78.0
1934,ERA,New York,3.19
1934,Fewest Hits Allowed,New York,1384.0
1934,Fewest Home Runs Allowed,Cincinnati,61.0
1934,Fewest Walks Allowed,New York,351.0
1934,Saves,New York,30.0
1934,Shutouts,St. Louis,15.0
1934,Strikeouts,St. Louis,689.0
1944,Complete Games,Cincinnati,93.0
1944,ERA,St. Louis,2.68
1944,Fewest Hits Allowed,St. Louis,1228.0
1944,Fewest Home Runs Allowed,Philadelphia,49.0
1944,Fewest Walks Allowed,Cincinnati,390.0
1944,Saves,New York,21.0
1944,Shutouts,St. Louis,26.0
1944,Strikeouts,St. Louis,637.0
1903,Complete Games,Cincinnati,126.0
1903,ERA,Chicago,2.77
1903,Fewest Hits Allowed,Chicago,1182.0
1903,Fewest Home Runs Allowed,Pittsburgh,9.0
1903,Fewest Walks Allowed,Chicago,354.0
1903,Saves,New York,8.0
1903,Shutouts,Pittsburgh,16.0
1903,Strikeouts,New York,628.0
1973,Complete Games,Philadelphia,49.0
1973,ERA,Los Angeles,3.01
1973,Fewest Hits Allowed,Los Angeles,1270.0
1973,Fewest Home Runs Allowed,St. Louis,105.0
1973,Fewest Walks Allowed,Chicago,438.0
1973,Saves,Pittsburgh,44.0
1973,Shutouts,Cincinnati,17.0
1973,Strikeouts,New York,1027.0
2003,Team,W,
2003,Arizona,84,78.0
2003,Atlanta,101,61.0
2003,Chicago,88,74.0
2003,Cincinnati,69,93.0
2003,Colorado,74,88.0
2003,Florida,91,71.0
2003,Houston,87,75.0
2003,Los Angeles,85,77.0
2003,Milwaukee,68,94.0
2003,Montreal,83,79.0
2003,New York,66,95.0
2003,Philadelphia,86,76.0
2003,Pittsburgh,75,87.0
2003,San Diego,64,98.0
2003,San Francisco,100,61.0
2003,St. Louis,85,77.0
1941,Complete Games,Cincinnati,89.0
1941,ERA,Brooklyn,3.15
1941,Fewest Hits Allowed,Brooklyn,1236.0
1941,Fewest Home Runs Allowed,Chicago,60.0
1941,Fewest Walks Allowed,Chicago,449.0
1941,Saves,Brooklyn,22.0
1941,Shutouts,Cincinnati,19.0
1941,Strikeouts,St. Louis,659.0
1931,Complete Games,Pittsburgh,80.0
1931,ERA,Brooklyn,4.03
1931,Fewest Hits Allowed,Brooklyn,1480.0
1931,Fewest Home Runs Allowed,Cincinnati,75.0
1931,Fewest Walks Allowed,Brooklyn,394.0
1931,Cincinnati,394,
1931,Saves,St. Louis,21.0
1931,Shutouts,Brooklyn,13.0
1931,Strikeouts,St. Louis,639.0
1992,Complete Games,Philadelphia,27.0
1992,ERA,Atlanta,3.14
1992,Fewest Hits Allowed,Montreal,1296.0
1992,Fewest Home Runs Allowed,Los Angeles,82.0
1992,Fewest Walks Allowed,St. Louis,400.0
1992,Saves,Cincinnati,55.0
1992,Shutouts,Atlanta,24.0
1992,Strikeouts,Cincinnati,1060.0
1880,Complete Games,Cleveland,83.0
1880,ERA,Providence,1.64
1880,Fewest Hits Allowed,Chicago,622.0
1880,Fewest Home Runs Allowed,Boston,2.0
1880,Fewest Walks Allowed,Providence,51.0
1880,Saves,Worcester,5.0
1880,Shutouts,Providence,13.0
1880,Strikeouts,Chicago,367.0
1987,Complete Games,Los Angeles,29.0
1987,ERA,San Francisco,3.68
1987,Fewest Hits Allowed,Houston,1363.0
1987,Fewest Home Runs Allowed,St. Louis,129.0
1987,Fewest Walks Allowed,Montreal,446.0
1987,Saves,New York,51.0
1987,Shutouts,Houston,13.0
1987,Strikeouts,Houston,1137.0
1895,Complete Games,Chicago,119.0
1895,ERA,Baltimore,3.8
1895,Fewest Hits Allowed,Baltimore,1216.0
1895,Fewest Home Runs Allowed,Pittsburgh,17.0
1895,Fewest Walks Allowed,Cleveland,346.0
1895,Saves,Philadelphia,7.0
1895,Shutouts,Baltimore,10.0
1895,Strikeouts,New York,409.0
1954,Complete Games,Philadelphia,78.0
1954,ERA,New York,3.1
1954,Fewest Hits Allowed,New York,1258.0
1954,Fewest Home Runs Allowed,Milwaukee,106.0
1954,Fewest Walks Allowed,Philadelphia,450.0
1954,Saves,Brooklyn,36.0
1954,Shutouts,New York,19.0
1954,Strikeouts,Brooklyn,762.0
1924,Complete Games,Brooklyn,97.0
1924,ERA,Cincinnati,3.12
1924,Fewest Hits Allowed,Pittsburgh,1387.0
1924,Fewest Home Runs Allowed,Cincinnati,30.0
1924,Fewest Walks Allowed,Cincinnati,293.0
1924,Saves,New York,21.0
1924,Shutouts,Pittsburgh,15.0
1924,Strikeouts,Brooklyn,638.0
1938,Complete Games,Boston,83.0
1938,ERA,Chicago,3.38
1938,Fewest Hits Allowed,Cincinnati,1329.0
1938,Fewest Home Runs Allowed,Boston,66.0
1938,Fewest Walks Allowed,New York,389.0
1938,Saves,Chicago,18.0
1938,Shutouts,Chicago,16.0
1938,Strikeouts,Chicago,583.0
1948,Complete Games,Boston,70.0
1948,ERA,Boston,3.38
1948,Fewest Hits Allowed,Brooklyn,1328.0
1948,Fewest Home Runs Allowed,Chicago,89.0
1948,Fewest Walks Allowed,Boston,430.0
1948,Saves,Brooklyn,22.0
1948,Shutouts,New York,15.0
1948,Strikeouts,Brooklyn,670.0
1889,Complete Games,Cleveland,132.0
1889,ERA,Boston,3.36
1889,Fewest Hits Allowed,New York,1073.0
1889,Fewest Home Runs Allowed,Philadelphia,33.0
1889,Fewest Walks Allowed,Pittsburgh,374.0
1889,Saves,Boston,4.0
1889,Shutouts,Boston,10.0
1889,Strikeouts,New York,558.0
1916,Complete Games,Boston,97.0
1916,ERA,Brooklyn,2.12
1916,Fewest Hits Allowed,Brooklyn,1201.0
1916,Fewest Home Runs Allowed,Boston,24.0
1916,Fewest Walks Allowed,Philadelphia,295.0
1916,Saves,St. Louis,15.0
1916,Shutouts,Philadelphia,25.0
1916,Strikeouts,Boston,644.0
1966,Complete Games,Los Angeles,52.0
1966,ERA,Los Angeles,2.63
1966,Fewest Hits Allowed,Los Angeles,1287.0
1966,Fewest Home Runs Allowed,Los Angeles,84.0
1966,Fewest Walks Allowed,Los Angeles,356.0
1966,Saves,Pittsburgh,43.0
1966,Shutouts,Los Angeles,20.0
1966,Strikeouts,Los Angeles,1084.0
1980,Complete Games,St. Louis,34.0
1980,ERA,Houston,3.11
1980,Fewest Hits Allowed,Los Angeles,1358.0
1980,Fewest Home Runs Allowed,Houston,69.0
1980,Fewest Walks Allowed,Pittsburgh,451.0
1980,Saves,Pittsburgh,43.0
1980,Shutouts,Los Angeles,19.0
1980,Strikeouts,Houston,929.0
1892,Complete Games,Louisville,147.0
1892,ERA,Cleveland,2.41
1892,Fewest Hits Allowed,Boston,1156.0
1892,Fewest Home Runs Allowed,Philadelphia,24.0
1892,Fewest Walks Allowed,Cleveland,413.0
1892,Saves,Brooklyn,5.0
1892,Shutouts,Boston,15.0
1892,Strikeouts,New York,650.0
1953,Complete Games,Philadelphia,76.0
1953,ERA,Milwaukee,3.3
1953,Fewest Hits Allowed,Milwaukee,1282.0
1953,Fewest Home Runs Allowed,Milwaukee,107.0
1953,Fewest Walks Allowed,Philadelphia,410.0
1953,Saves,St. Louis,36.0
1953,Shutouts,Milwaukee,14.0
1953,Strikeouts,Brooklyn,817.0
1923,Complete Games,Brooklyn,94.0
1923,ERA,Cincinnati,3.22
1923,Fewest Hits Allowed,Chicago,1419.0
1923,Fewest Home Runs Allowed,Cincinnati,28.0
1923,Fewest Walks Allowed,Cincinnati,359.0
1923,Saves,New York,18.0
1923,Shutouts,Boston,13.0
1923,Strikeouts,Brooklyn,548.0
1911,Complete Games,New York,95.0
1911,ERA,New York,2.7
1911,Fewest Hits Allowed,Pittsburgh,1249.0
1911,Fewest Home Runs Allowed,Chicago,26.0
1911,Fewest Walks Allowed,New York,369.0
1911,Saves,Chicago,16.0
1911,Shutouts,Philadelphia,20.0
1911,Strikeouts,New York,771.0
1961,Complete Games,Milwaukee,57.0
1961,ERA,St. Louis,3.74
1961,Fewest Hits Allowed,Cincinnati,1300.0
1961,Fewest Home Runs Allowed,Pittsburgh,121.0
1961,Fewest Walks Allowed,Pittsburgh,400.0
1961,Saves,Cincinnati,40.0
1961,Shutouts,Cincinnati,12.0
1961,Strikeouts,Los Angeles,1105.0
1904,Complete Games,St. Louis,146.0
1904,ERA,New York,2.17
1904,Fewest Hits Allowed,Chicago,1150.0
1904,Fewest Home Runs Allowed,Cincinnati,13.0
1904,Fewest Walks Allowed,St. Louis,319.0
1904,Saves,New York,15.0
1904,Shutouts,New York,21.0
1904,Strikeouts,New York,707.0
1989,Complete Games,Los Angeles,25.0
1989,ERA,Los Angeles,2.95
1989,Fewest Hits Allowed,New York,1260.0
1989,Fewest Home Runs Allowed,St. Louis,84.0
1989,Fewest Walks Allowed,Atlanta,468.0
1989,Saves,Chicago,55.0
1989,Shutouts,Los Angeles,19.0
1989,Strikeouts,New York,1108.0
1974,Complete Games,Pittsburgh,51.0
1974,ERA,Los Angeles,2.98
1974,Fewest Hits Allowed,Los Angeles,1272.0
1974,Fewest Home Runs Allowed,Houston,84.0
1974,Fewest Walks Allowed,Los Angeles,464.0
1974,Saves,Cincinnati,27.0
1974,Shutouts,Atlanta,21.0
1974,Strikeouts,Los Angeles,943.0
2004,Complete Games,Montreal,11.0
2004,ERA,Atlanta,3.74
2004,Fewest Hits Allowed,Chicago,1363.0
2004,Fewest Home Runs Allowed,Pittsburgh,149.0
2004,Fewest Walks Allowed,San Diego,422.0
2004,Saves,St. Louis,57.0
2004,Shutouts,Florida,14.0
2004,Strikeouts,Chicago,1346.0
1946,Complete Games,St. Louis,75.0
1946,ERA,St. Louis,3.01
1946,Fewest Hits Allowed,Brooklyn,1280.0
1946,Fewest Home Runs Allowed,Pittsburgh,50.0
1946,Fewest Walks Allowed,Cincinnati,467.0
1946,Saves,Brooklyn,28.0
1946,Shutouts,St. Louis,18.0
1946,Strikeouts,Brooklyn,467.0
1936,Complete Games,Chicago,77.0
1936,ERA,New York,3.46
1936,Fewest Hits Allowed,Chicago,1413.0
1936,Fewest Home Runs Allowed,Cincinnati,51.0
1936,Fewest Walks Allowed,Pittsburgh,379.0
1936,Saves,St. Louis,24.0
1936,Shutouts,Chicago,18.0
1936,Strikeouts,Brooklyn,651.0
1968,Complete Games,San Francisco,77.0
1968,ERA,St. Louis,2.49
1968,Fewest Hits Allowed,New York,1250.0
1968,Fewest Home Runs Allowed,Los Angeles,65.0
1968,Fewest Walks Allowed,San Francisco,344.0
1968,Saves,Cincinnati,38.0
1968,Shutouts,St. Louis,30.0
1968,Strikeouts,Houston,1021.0
1995,Complete Games,Atlanta,18.0
1995,ERA,Atlanta,3.44
1995,Fewest Hits Allowed,Atlanta,1184.0
1995,Fewest Home Runs Allowed,Atlanta,107.0
1995,Fewest Walks Allowed,New York,401.0
1995,Saves,Chicago,45.0
1995,Shutouts,Chicago,12.0
1995,Strikeouts,Atlanta,1087.0
1887,Complete Games,Washington,124.0
1887,ERA,Chicago,3.46
1887,Fewest Hits Allowed,New York,1096.0
1887,Fewest Home Runs Allowed,New York,27.0
1887,Fewest Walks Allowed,Pittsburgh,246.0
1887,Saves,Chicago,3.0
1887,Shutouts,Philadelphia,7.0
1887,Strikeouts,Chicago,510.0
1918,Complete Games,Boston,96.0
1918,ERA,Chicago,2.18
1918,Fewest Hits Allowed,New York,1002.0
1918,Fewest Home Runs Allowed,Chicago,13.0
1918,Fewest Walks Allowed,New York,228.0
1918,Saves,New York,11.0
1918,Shutouts,Chicago,23.0
1918,Strikeouts,Chicago,472.0
2001,Complete Games,Arizona,12.0
2001,ERA,Atlanta,3.59
2001,Fewest Hits Allowed,Arizona,1352.0
2001,Fewest Home Runs Allowed,San Francisco,145.0
2001,Fewest Walks Allowed,New York,438.0
2001,Saves,Houston,48.0
2001,Shutouts,New York,14.0
2001,Strikeouts,Chicago,1344.0
1971,Complete Games,Chicago,75.0
1971,ERA,New York,2.99
1971,Fewest Hits Allowed,New York,1227.0
1971,Fewest Home Runs Allowed,Houston,75.0
1971,Fewest Walks Allowed,Los Angeles,399.0
1971,Saves,Pittsburgh,48.0
1971,Shutouts,Los Angeles,18.0
1971,Strikeouts,New York,1157.0
1901,Complete Games,Chicago,131.0
1901,ERA,Pittsburgh,2.58
1901,Fewest Hits Allowed,Boston,1196.0
1901,Fewest Home Runs Allowed,Brooklyn,18.0
1901,Fewest Walks Allowed,Pittsburgh,244.0
1901,Saves,Brooklyn,5.0
1901,Shutouts,Philadelphia,15.0
1901,Strikeouts,Chicago,586.0
1882,Complete Games,Chicago,83.0
1882,ERA,Chicago,2.22
1882,Fewest Hits Allowed,Chicago,667.0
1882,Fewest Home Runs Allowed,Boston,10.0
1882,Fewest Walks Allowed,Boston,77.0
1882,Saves,Providence,1.0
1882,Shutouts,Providence,10.0
1882,Strikeouts,Detroit,354.0
1990,Complete Games,Los Angeles,29.0
1990,ERA,Montreal,3.37
1990,Fewest Hits Allowed,Cincinnati,1338.0
1990,Fewest Home Runs Allowed,St. Louis,98.0
1990,Fewest Walks Allowed,Pittsburgh,413.0
1990,Saves,Cincinnati,50.0
1990,Shutouts,New York,14.0
1990,Strikeouts,New York,1217.0
1933,Complete Games,Chicago,95.0
1933,ERA,New York,2.71
1933,Fewest Hits Allowed,New York,1280.0
1933,Fewest Home Runs Allowed,Cincinnati,47.0
1933,Fewest Walks Allowed,Cincinnati,257.0
1933,Saves,Boston,16.0
1933,Shutouts,New York,23.0
1933,Strikeouts,St. Louis,635.0
1943,Complete Games,St. Louis,94.0
1943,ERA,St. Louis,2.57
1943,Fewest Hits Allowed,St. Louis,1246.0
1943,Fewest Home Runs Allowed,St. Louis,33.0
1943,Fewest Walks Allowed,Chicago,394.0
1943,Saves,Brooklyn,22.0
1943,Shutouts,St. Louis,21.0
1943,Strikeouts,St. Louis,639.0
1926,Complete Games,St. Louis,90.0
1926,ERA,Chicago,3.26
1926,Fewest Hits Allowed,New York,1370.0
1926,Fewest Home Runs Allowed,Chicago,39.0
1926,Fewest Walks Allowed,Cincinnati,324.0
1926,Saves,Pittsburgh,18.0
1926,Shutouts,Cincinnati,14.0
1926,Strikeouts,Brooklyn,517.0
1956,Complete Games,Milwaukee,64.0
1956,ERA,Milwaukee,3.12
1956,Fewest Hits Allowed,Brooklyn,1251.0
1956,Fewest Home Runs Allowed,Milwaukee,133.0
1956,Fewest Walks Allowed,Philadelphia,437.0
1956,Saves,Brooklyn,30.0
1956,Shutouts,Brooklyn,12.0
1956,Strikeouts,Brooklyn,772.0
1908,Complete Games,Brooklyn,118.0
1908,ERA,Philadelphia,2.1
1908,Fewest Hits Allowed,Chicago,1137.0
1908,Fewest Home Runs Allowed,Philadelphia,8.0
1908,Fewest Walks Allowed,New York,288.0
1908,Saves,New York,18.0
1908,Shutouts,Chicago,29.0
1908,Strikeouts,Chicago,668.0
1897,Complete Games,Chicago,131.0
1897,ERA,New York,3.47
1897,Fewest Hits Allowed,New York,1214.0
1897,Fewest Home Runs Allowed,Baltimore,18.0
1897,Fewest Walks Allowed,Cleveland,289.0
1897,Saves,Boston,7.0
1897,Shutouts,Boston,8.0
1897,Strikeouts,New York,456.0
1985,Complete Games,St. Louis,37.0
1985,ERA,Los Angeles,2.96
1985,Fewest Hits Allowed,Los Angeles,1280.0
1985,Fewest Home Runs Allowed,St. Louis,98.0
1985,Fewest Walks Allowed,San Diego,443.0
1985,Saves,Montreal,53.0
1985,Shutouts,Los Angeles,21.0
1985,Strikeouts,New York,1039.0
1978,Complete Games,Houston,48.0
1978,ERA,Los Angeles,3.12
1978,Fewest Hits Allowed,St. Louis,1300.0
1978,Fewest Home Runs Allowed,San Diego,74.0
1978,Fewest Walks Allowed,Philadelphia,393.0
1978,Saves,San Diego,55.0
1978,Shutouts,Houston,17.0
1978,Strikeouts,Houston,930.0
1964,Complete Games,Chicago,58.0
1964,ERA,Los Angeles,2.96
1964,Fewest Hits Allowed,Los Angeles,1289.0
1964,Fewest Home Runs Allowed,Los Angeles,88.0
1964,Fewest Walks Allowed,Houston,353.0
1964,Saves,Philadelphia,41.0
1964,Shutouts,Los Angeles,19.0
1964,Strikeouts,Cincinnati,1122.0
1999,Complete Games,Arizona,16.0
1999,ERA,Atlanta,3.65
1999,Fewest Hits Allowed,Cincinnati,1309.0
1999,Fewest Home Runs Allowed,Houston,128.0
1999,Fewest Walks Allowed,Houston,478.0
1999,Saves,Cincinnati,55.0
1999,Shutouts,Houston,5.0
1999,Strikeouts,Houston,1204.0
1914,Complete Games,Boston,104.0
1914,ERA,St. Louis,2.38
1914,Fewest Hits Allowed,Chicago,1169.0
1914,Fewest Home Runs Allowed,Philadelphia,26.0
1914,Fewest Walks Allowed,New York,367.0
1914,Saves,Cincinnati,15.0
1914,Shutouts,New York,20.0
1914,Strikeouts,Chicago,651.0
1876,Complete Games,Hartford,69.0
1876,ERA,St. Louis,1.22
1876,Fewest Hits Allowed,St. Louis,472.0
1876,Fewest Home Runs Allowed,Hartford,2.0
1876,Fewest Walks Allowed,New York,24.0
1876,Saves,Boston,7.0
1876,Shutouts,St. Louis,16.0
1876,Strikeouts,Louisville,125.0
1949,Complete Games,Boston,68.0
1949,ERA,St. Louis,3.44
1949,Fewest Hits Allowed,Brooklyn,1306.0
1949,Fewest Home Runs Allowed,St. Louis,87.0
1949,Fewest Walks Allowed,Philadelphia,502.0
1949,Saves,St. Louis,19.0
1949,Shutouts,Brooklyn,15.0
1949,Strikeouts,Brooklyn,743.0
1939,Complete Games,Cincinnati,86.0
1939,ERA,Cincinnati,3.28
1939,Fewest Hits Allowed,Cincinnati,1340.0
1939,Fewest Home Runs Allowed,Boston,63.0
1939,Fewest Walks Allowed,Brooklyn,399.0
1939,Saves,St. Louis,32.0
1939,Shutouts,St. Louis,18.0
1939,Strikeouts,Cincinnati,637.0
1967,Complete Games,San Francisco,64.0
1967,ERA,San Francisco,2.92
1967,Fewest Hits Allowed,San Francisco,1283.0
1967,Fewest Home Runs Allowed,Philadelphia,86.0
1967,Fewest Walks Allowed,Los Angeles,393.0
1967,Saves,St. Louis,45.0
1967,Shutouts,Cincinnati,18.0
1967,Strikeouts,Cincinnati,1065.0
1917,Complete Games,Boston,103.0
1917,ERA,New York,2.27
1917,Fewest Hits Allowed,New York,1221.0
1917,Fewest Home Runs Allowed,Pittsburgh,14.0
1917,Fewest Walks Allowed,Philadelphia,325.0
1917,Saves,New York,14.0
1917,Shutouts,Philadelphia,22.0
1917,Strikeouts,Chicago,654.0
1888,Complete Games,Pittsburgh,135.0
1888,ERA,New York,1.96
1888,Fewest Hits Allowed,New York,907.0
1888,Fewest Home Runs Allowed,Pittsburgh,23.0
1888,Fewest Walks Allowed,Detroit,183.0
1888,Saves,Philadelphia,3.0
1888,Shutouts,New York,20.0
1888,Strikeouts,New York,726.0
1894,Complete Games,Chicago,117.0
1894,ERA,New York,3.83
1894,Fewest Hits Allowed,New York,1292.0
1894,Fewest Home Runs Allowed,Baltimore,31.0
1894,Fewest Walks Allowed,Boston,411.0
1894,Saves,Baltimore,11.0
1894,Shutouts,Cleveland,6.0
1894,Strikeouts,New York,395.0
1986,Complete Games,Los Angeles,35.0
1986,ERA,New York,3.11
1986,Fewest Hits Allowed,Houston,1203.0
1986,Fewest Home Runs Allowed,New York,103.0
1986,Fewest Walks Allowed,St. Louis,485.0
1986,Saves,Houston,51.0
1986,Shutouts,Houston,19.0
1986,Strikeouts,Houston,1160.0
1925,Complete Games,Cincinnati,92.0
1925,ERA,Cincinnati,3.39
1925,Fewest Hits Allowed,Cincinnati,1447.0
1925,Fewest Home Runs Allowed,Cincinnati,35.0
1925,Fewest Walks Allowed,Cincinnati,324.0
1925,Saves,Pittsburgh,13.0
1925,Shutouts,Cincinnati,11.0
1925,Strikeouts,Brooklyn,518.0
1955,Complete Games,Milwaukee,61.0
1955,ERA,Brooklyn,3.68
1955,Fewest Hits Allowed,Philadelphia,1291.0
1955,Fewest Home Runs Allowed,Milwaukee,138.0
1955,Fewest Walks Allowed,Cincinnati,443.0
1955,Saves,Brooklyn,37.0
1955,Shutouts,Cincinnati,12.0
1955,Strikeouts,Brooklyn,773.0
1930,Complete Games,New York,90.0
1930,ERA,New York,3.31
1930,Fewest Hits Allowed,New York,1341.0
1930,Fewest Home Runs Allowed,Cincinnati,51.0
1930,Fewest Walks Allowed,Brooklyn,351.0
1930,Saves,St. Louis,20.0
1930,Shutouts,New York,17.0
1930,Strikeouts,St. Louis,626.0
1940,Complete Games,Cincinnati,91.0
1940,ERA,Cincinnati,3.05
1940,Fewest Hits Allowed,Cincinnati,1263.0
1940,Fewest Home Runs Allowed,Pittsburgh,72.0
1940,Fewest Walks Allowed,Brooklyn,393.0
1940,Saves,Pittsburgh,24.0
1940,Shutouts,Brooklyn,17.0
1940,Strikeouts,Brooklyn,639.0
1881,Complete Games,Troy,85.0
1881,ERA,Providence,2.4
1881,Fewest Hits Allowed,Chicago,722.0
1881,Fewest Home Runs Allowed,Providence,5.0
1881,Fewest Walks Allowed,Buffalo,89.0
1881,Saves,Boston,3.0
1881,Shutouts,Detroit,10.0
1881,Strikeouts,Detroit,265.0
1993,Complete Games,Philadelphia,24.0
1993,ERA,Atlanta,3.14
1993,Fewest Hits Allowed,Atlanta,1297.0
1993,Fewest Home Runs Allowed,Atlanta,101.0
1993,Fewest Walks Allowed,St. Louis,383.0
1993,Saves,Montreal,61.0
1993,Shutouts,Atlanta,16.0
1993,Strikeouts,Philadelphia,1117.0
1972,Complete Games,St. Louis,64.0
1972,ERA,Los Angeles,2.78
1972,Fewest Hits Allowed,Los Angeles,1196.0
1972,Fewest Home Runs Allowed,Los Angeles,83.0
1972,Fewest Walks Allowed,Chicago,421.0
1972,Saves,Cincinnati,60.0
1972,Shutouts,Los Angeles,23.0
1972,Strikeouts,New York,1059.0
1902,Complete Games,Chicago,132.0
1902,ERA,Chicago,2.21
1902,Fewest Hits Allowed,Brooklyn,1113.0
1902,Fewest Home Runs Allowed,Pittsburgh,4.0
1902,Fewest Walks Allowed,Pittsburgh,250.0
1902,Saves,Boston,4.0
1902,Shutouts,Pittsburgh,21.0
1902,Strikeouts,Pittsburgh,564.0
2002,TEAM,W,
2002,Arizona,98,64.0
2002,Atlanta,101,59.0
2002,Chicago,67,95.0
2002,Cincinnati,78,84.0
2002,Colorado,73,89.0
2002,Florida,79,83.0
2002,Houston,84,78.0
2002,Los Angeles,92,70.0
2002,Milwaukee,56,106.0
2002,Montreal,83,79.0
2002,New York,75,86.0
2002,Philadelphia,80,81.0
2002,Pittsburgh,72,89.0
2002,San Diego,66,96.0
2002,San Francisco,95,66.0
2002,St. Louis,97,65.0
2002,TEAM,W,
1996,Complete Games,Atlanta,14.0
1996,ERA,Los Angeles,3.46
1996,Fewest Hits Allowed,Montreal,1353.0
1996,Fewest Home Runs Allowed,Florida,113.0
1996,Fewest Walks Allowed,Atlanta,451.0
1996,Saves,Cincinnati,52.0
1996,Shutouts,Florida,13.0
1996,Strikeouts,Atlanta,1245.0
1879,Complete Games,Chicago,82.0
1879,ERA,Providence,2.18
1879,Fewest Hits Allowed,Buffalo,698.0
1879,Fewest Home Runs Allowed,Buffalo,3.0
1879,Fewest Walks Allowed,Boston,46.0
1879,Saves,Providence,2.0
1879,Shutouts,Boston,13.0
1879,Strikeouts,Providence,329.0
1884,Complete Games,New York,111.0
1884,ERA,Providence,1.61
1884,Fewest Hits Allowed,Providence,825.0
1884,Fewest Home Runs Allowed,Providence,26.0
1884,Fewest Walks Allowed,Boston,135.0
1884,Saves,Boston,2.0
1884,Shutouts,Providence,16.0
1884,Strikeouts,Boston,742.0
1945,Complete Games,Chicago,86.0
1945,ERA,Chicago,2.98
1945,Fewest Hits Allowed,Chicago,1301.0
1945,Fewest Home Runs Allowed,Chicago,57.0
1945,Fewest Walks Allowed,Chicago,385.0
1945,Saves,Philadelphia,26.0
1945,Shutouts,St. Louis,18.0
1945,Strikeouts,Brooklyn,557.0
1935,Complete Games,Chicago,81.0
1935,ERA,Chicago,3.26
1935,Fewest Hits Allowed,Chicago,1417.0
1935,Fewest Home Runs Allowed,Pittsburgh,63.0
1935,Fewest Walks Allowed,Pittsburgh,312.0
1935,Saves,Brooklyn,20.0
1935,Shutouts,Pittsburgh,15.0
1935,Strikeouts,St. Louis,602.0
1929,Complete Games,St. Louis,83.0
1929,ERA,New York,3.97
1929,Fewest Hits Allowed,Pittsburgh,1530.0
1929,Fewest Home Runs Allowed,Cincinnati,61.0
1929,Fewest Walks Allowed,New York,387.0
1929,Saves,Philadelphia,24.0
1929,Shutouts,Chicago,14.0
1929,Strikeouts,Brooklyn,549.0
1959,Complete Games,Milwaukee,69.0
1959,ERA,San Francisco,3.47
1959,Fewest Hits Allowed,San Francisco,1279.0
1959,Fewest Home Runs Allowed,Milwaukee,128.0
1959,Fewest Walks Allowed,Pittsburgh,418.0
1959,Saves,Cincinnati,26.0
1959,Shutouts,Milwaukee,18.0
1959,Strikeouts,Los Angeles,1077.0
1898,Complete Games,Cleveland,142.0
1898,ERA,Chicago,2.83
1898,Fewest Hits Allowed,Boston,1186.0
1898,Fewest Home Runs Allowed,Pittsburgh,14.0
1898,Fewest Walks Allowed,Cleveland,309.0
1898,Saves,Boston,8.0
1898,Shutouts,Chicago,13.0
1898,Strikeouts,New York,558.0
1907,Complete Games,St. Louis,127.0
1907,ERA,Chicago,1.73
1907,Fewest Hits Allowed,Chicago,1054.0
1907,Fewest Home Runs Allowed,Chicago,11.0
1907,Fewest Walks Allowed,Pittsburgh,368.0
1907,Saves,New York,13.0
1907,Shutouts,Chicago,32.0
1907,Strikeouts,New York,655.0
1977,Complete Games,Houston,37.0
1977,ERA,Los Angeles,3.23
1977,Fewest Hits Allowed,New York,1378.0
1977,Fewest Home Runs Allowed,Houston,110.0
1977,Fewest Walks Allowed,Los Angeles,438.0
1977,Saves,Philadelphia,47.0
1977,Shutouts,Pittsburgh,15.0
1977,Strikeouts,Chicago,942.0
1912,Complete Games,Pittsburgh,94.0
1912,ERA,New York,2.59
1912,Fewest Hits Allowed,Pittsburgh,1268.0
1912,Fewest Home Runs Allowed,Cincinnati,28.0
1912,Fewest Walks Allowed,New York,338.0
1912,Saves,New York,16.0
1912,Shutouts,Pittsburgh,18.0
1912,Strikeouts,Pittsburgh,664.0
1962,Complete Games,San Francisco Giants,62.0
1962,ERA,Pittsburgh Pirates,3.38
1962,Fewest Hits Allowed,Los Angeles Dodgers,1386.0
1962,Fewest Home Runs Allowed,Houston Colt .45s,113.0
1962,Fewest Walks Allowed,Milwaukee Braves,407.0
1962,Saves,Los Angeles Dodgers,46.0
1962,Shutouts,St. Louis Cardinals,17.0
1962,Strikeouts,Los Angeles Dodgers,1104.0
1950,Complete Games,Boston,88.0
1950,ERA,Philadelphia,3.5
1950,Fewest Hits Allowed,New York,1268.0
1950,Fewest Home Runs Allowed,St. Louis,119.0
1950,Fewest Walks Allowed,Philadelphia,530.0
1950,Saves,Philadelphia,27.0
1950,Shutouts,New York,19.0
1950,Strikeouts,Brooklyn,772.0
1920,Complete Games,Chicago,95.0
1920,ERA,Brooklyn,2.62
1920,Fewest Hits Allowed,Cincinnati,1327.0
1920,Fewest Home Runs Allowed,Brooklyn,25.0
1920,Fewest Walks Allowed,Pittsburgh,280.0
1920,Saves,St. Louis,12.0
1920,Shutouts,New York,18.0
1920,Strikeouts,Brooklyn,553.0
1983,Complete Games,Montreal,38.0
1983,ERA,Los Angeles,3.11
1983,Fewest Hits Allowed,Houston,1276.0
1983,Fewest Home Runs Allowed,Houston,94.0
1983,Fewest Walks Allowed,Philadelphia,464.0
1983,Saves,Atlanta,48.0
1983,Shutouts,Montreal,15.0
1983,Strikeouts,Philadelphia,1092.0
1891,Complete Games,Boston,126.0
1891,ERA,Boston,2.76
1891,Fewest Hits Allowed,New York,1098.0
1891,Fewest Home Runs Allowed,Cleveland,24.0
1891,Fewest Walks Allowed,Boston,364.0
1891,Saves,Boston,6.0
1891,Shutouts,New York,11.0
1891,Strikeouts,New York,651.0
